first_name,last_name,age,email,skills,interests,networking_goals,preferred_contact_method
Erik,Baradel,65,ebaradel0@friendfeed.com,marketing,cooking,connect with industry professionals,LinkedIn
Yettie,Flacknoe,30,yflacknoe1@utexas.edu,programming,cooking,connect with industry professionals,phone
Leontine,Pennetta,80,lpennetta2@tuttocitta.it,marketing,music,find a mentor,LinkedIn
Correy,Pendlebury,39,cpendlebury3@ovh.net,marketing,music,find a mentor,phone
Ximenes,Sawden,41,xsawden4@usnews.com,design,sports,connect with industry professionals,LinkedIn
Sampson,Petri,52,spetri5@nba.com,programming,sports,find a mentor,email
Cobby,Puddan,22,cpuddan6@reuters.com,programming,sports,find a mentor,phone
Florida,Lyver,59,flyver7@theguardian.com,programming,cooking,explore job opportunities,phone
Angelico,Geeson,40,ageeson8@jigsy.com,marketing,sports,explore job opportunities,phone
Arlana,Alldridge,65,aalldridge9@marriott.com,design,sports,connect with industry professionals,phone
Maible,Phalip,70,mphalipa@eventbrite.com,design,cooking,find a mentor,LinkedIn
Osbert,Dooler,56,odoolerb@sbwire.com,design,music,find a mentor,LinkedIn
Vivianne,Pigny,39,vpignyc@elegantthemes.com,programming,sports,find a mentor,LinkedIn
Horacio,Tring,27,htringd@dagondesign.com,programming,cooking,explore job opportunities,email
Gussie,Challenor,38,gchallenore@howstuffworks.com,programming,sports,explore job opportunities,email
Gwenore,Stivers,82,gstiversf@ed.gov,marketing,sports,connect with industry professionals,email
Ariel,Hannon,23,ahannong@aboutads.info,design,sports,find a mentor,phone
Orsola,Dracey,61,odraceyh@1688.com,design,music,explore job opportunities,email
Dominique,Stammirs,82,dstammirsi@mozilla.com,design,cooking,find a mentor,LinkedIn
Rhiamon,MacLleese,42,rmaclleesej@bbc.co.uk,programming,music,find a mentor,LinkedIn
Borg,Bouldstridge,28,bbouldstridgek@simplemachines.org,design,cooking,explore job opportunities,email
Luci,Woolrich,48,lwoolrichl@example.com,design,sports,connect with industry professionals,phone
Zara,Castagne,63,zcastagnem@umn.edu,marketing,sports,find a mentor,LinkedIn
Penelope,Noods,58,pnoodsn@google.nl,marketing,sports,explore job opportunities,email
Gerri,Odde,85,goddeo@cdc.gov,programming,cooking,connect with industry professionals,email
Rosetta,Blasi,43,rblasip@miitbeian.gov.cn,design,music,connect with industry professionals,phone
Nicol,O'Dowgaine,70,nodowgaineq@cdc.gov,design,sports,find a mentor,email
Jervis,Greengrass,71,jgreengrassr@sfgate.com,marketing,cooking,explore job opportunities,phone
Giulia,Sanchez,46,gsanchezs@google.co.uk,programming,sports,explore job opportunities,email
Kathie,Hynde,25,khyndet@google.it,design,cooking,connect with industry professionals,LinkedIn
Sherry,Childerley,30,schilderleyu@japanpost.jp,design,sports,explore job opportunities,phone
Ceil,Waterland,61,cwaterlandv@netvibes.com,marketing,music,explore job opportunities,LinkedIn
Hadria,Bugge,53,hbuggew@hatena.ne.jp,design,cooking,connect with industry professionals,phone
Kareem,Hails,19,khailsx@reuters.com,design,sports,find a mentor,email
Augustine,Miskimmon,45,amiskimmony@about.com,marketing,cooking,find a mentor,LinkedIn
Duncan,Shortland,26,dshortlandz@who.int,marketing,music,find a mentor,email
Tommi,Bernard,28,tbernard10@cornell.edu,design,cooking,find a mentor,email
Fredia,Plesing,56,fplesing11@skype.com,design,cooking,find a mentor,email
Rube,Woodyeare,80,rwoodyeare12@house.gov,marketing,music,explore job opportunities,email
Monty,Gregoraci,36,mgregoraci13@oaic.gov.au,programming,sports,find a mentor,phone
Kimberley,Jackways,19,kjackways14@mlb.com,programming,cooking,find a mentor,email
Casey,Bracer,55,cbracer15@canalblog.com,marketing,music,connect with industry professionals,LinkedIn
Antonio,Roskams,81,aroskams16@gnu.org,marketing,music,connect with industry professionals,phone
Alexandro,Muro,83,amuro17@jimdo.com,marketing,cooking,explore job opportunities,LinkedIn
Milli,Karpinski,26,mkarpinski18@engadget.com,programming,sports,find a mentor,phone
Burton,Paoletto,77,bpaoletto19@businessweek.com,marketing,cooking,explore job opportunities,email
Keven,Howgill,78,khowgill1a@uiuc.edu,programming,cooking,connect with industry professionals,LinkedIn
Zonnya,Postin,68,zpostin1b@tinypic.com,design,sports,explore job opportunities,email
Ax,Juster,30,ajuster1c@intel.com,programming,cooking,connect with industry professionals,LinkedIn
Michell,Hugonin,39,mhugonin1d@unc.edu,marketing,cooking,find a mentor,phone
Damian,Yarranton,81,dyarranton1e@icq.com,programming,music,find a mentor,phone
Umeko,Laurand,35,ulaurand1f@discuz.net,programming,sports,connect with industry professionals,LinkedIn
Sharla,Chadd,45,schadd1g@discovery.com,programming,music,connect with industry professionals,email
Alethea,le Keux,43,alekeux1h@blinklist.com,design,cooking,explore job opportunities,phone
Benedick,Bowlands,58,bbowlands1i@mtv.com,marketing,cooking,connect with industry professionals,phone
Adlai,Zanetello,24,azanetello1j@live.com,programming,music,find a mentor,phone
Andriana,Stelfax,30,astelfax1k@themeforest.net,design,sports,connect with industry professionals,LinkedIn
Guinna,Life,20,glife1l@soup.io,design,cooking,connect with industry professionals,LinkedIn
Mitch,Feakins,58,mfeakins1m@naver.com,marketing,sports,connect with industry professionals,email
Karissa,Bittleson,61,kbittleson1n@biglobe.ne.jp,marketing,sports,connect with industry professionals,phone
Cybil,Giorgioni,62,cgiorgioni1o@hhs.gov,marketing,sports,explore job opportunities,phone
Elissa,Ungaretti,71,eungaretti1p@google.co.jp,marketing,cooking,find a mentor,email
Casey,Sibille,24,csibille1q@nyu.edu,marketing,sports,find a mentor,phone
Alfonse,Samett,77,asamett1r@tmall.com,design,cooking,connect with industry professionals,LinkedIn
Marja,Schoular,56,mschoular1s@icq.com,marketing,cooking,explore job opportunities,email
Zenia,Lorenz,64,zlorenz1t@cloudflare.com,design,music,explore job opportunities,email
Edvard,Steele,82,esteele1u@hugedomains.com,marketing,sports,find a mentor,phone
Gus,Fearnall,24,gfearnall1v@jugem.jp,design,music,find a mentor,email
Mariya,Sunley,53,msunley1w@upenn.edu,marketing,cooking,connect with industry professionals,phone
Lew,Hek,83,lhek1x@studiopress.com,marketing,cooking,find a mentor,phone
Isidore,Orrell,22,iorrell1y@dell.com,design,sports,find a mentor,phone
Chelsie,Peploe,22,cpeploe1z@issuu.com,programming,music,find a mentor,phone
Isa,Bagehot,64,ibagehot20@spiegel.de,programming,cooking,find a mentor,phone
Mirna,Powell,76,mpowell21@buzzfeed.com,marketing,music,explore job opportunities,LinkedIn
Kaila,Withnall,19,kwithnall22@jiathis.com,programming,cooking,connect with industry professionals,LinkedIn
Melissa,Gogerty,51,mgogerty23@tripod.com,programming,music,find a mentor,email
Pancho,Matresse,72,pmatresse24@1688.com,marketing,music,explore job opportunities,email
Skye,Edgerton,74,sedgerton25@businessinsider.com,design,cooking,explore job opportunities,phone
Ad,Baelde,70,abaelde26@harvard.edu,marketing,sports,find a mentor,LinkedIn
Shanda,Vigors,47,svigors27@redcross.org,design,music,explore job opportunities,LinkedIn
Virginie,Gomar,29,vgomar28@geocities.com,design,cooking,find a mentor,email
Hermine,Cranstoun,18,hcranstoun29@ehow.com,design,sports,find a mentor,email
Rickey,Kippen,60,rkippen2a@msu.edu,design,music,find a mentor,LinkedIn
Tore,Convery,57,tconvery2b@webmd.com,programming,music,explore job opportunities,phone
Leonid,Leuty,21,lleuty2c@google.fr,marketing,sports,explore job opportunities,email
Cosmo,Merfin,24,cmerfin2d@ucoz.com,design,cooking,find a mentor,phone
Barbe,Linskey,82,blinskey2e@t.co,programming,cooking,explore job opportunities,LinkedIn
Creighton,Flisher,38,cflisher2f@topsy.com,design,sports,find a mentor,LinkedIn
Lemar,Winterbottom,22,lwinterbottom2g@google.co.jp,design,cooking,find a mentor,phone
Willey,Grotty,82,wgrotty2h@abc.net.au,design,sports,find a mentor,LinkedIn
Bobine,Backler,36,bbackler2i@gov.uk,marketing,sports,connect with industry professionals,phone
Doe,Ramshay,25,dramshay2j@dell.com,programming,cooking,connect with industry professionals,LinkedIn
Willie,Archanbault,29,warchanbault2k@ucoz.com,programming,music,find a mentor,email
Bunnie,Swyne,55,bswyne2l@tiny.cc,programming,cooking,explore job opportunities,email
Malinda,Sandels,36,msandels2m@microsoft.com,marketing,sports,connect with industry professionals,email
Vernice,Southan,72,vsouthan2n@123-reg.co.uk,marketing,cooking,connect with industry professionals,email
Sigismondo,Casin,77,scasin2o@nytimes.com,programming,music,explore job opportunities,email
Gram,Choldcroft,23,gcholdcroft2p@hao123.com,marketing,cooking,explore job opportunities,phone
Carin,Corston,81,ccorston2q@usatoday.com,design,cooking,find a mentor,LinkedIn
Bealle,Twinterman,61,btwinterman2r@mediafire.com,programming,cooking,find a mentor,email
Berrie,Shearer,81,bshearer2s@gmpg.org,programming,sports,explore job opportunities,email
Ora,Akenhead,75,oakenhead2t@51.la,design,music,find a mentor,email
Stevana,Moatt,72,smoatt2u@twitter.com,marketing,music,find a mentor,phone
Orsola,Basketter,28,obasketter2v@nature.com,design,music,find a mentor,email
Hussein,Ager,56,hager2w@lulu.com,programming,music,connect with industry professionals,phone
Ava,Carass,49,acarass2x@merriam-webster.com,programming,sports,connect with industry professionals,email
Laetitia,Doorey,30,ldoorey2y@yahoo.com,marketing,cooking,explore job opportunities,LinkedIn
Mei,Vasquez,66,mvasquez2z@livejournal.com,design,cooking,explore job opportunities,email
Laura,Castillon,79,lcastillon30@canalblog.com,programming,music,explore job opportunities,email
Pierson,Codman,81,pcodman31@friendfeed.com,programming,music,connect with industry professionals,phone
Breena,Martinie,46,bmartinie32@pen.io,design,music,explore job opportunities,email
Edee,Wraighte,78,ewraighte33@dmoz.org,marketing,music,find a mentor,phone
Ryley,Lessmare,22,rlessmare34@howstuffworks.com,marketing,music,connect with industry professionals,phone
Hanni,Tunesi,60,htunesi35@naver.com,marketing,sports,explore job opportunities,email
Donna,Kinsey,55,dkinsey36@europa.eu,design,cooking,find a mentor,phone
Lisha,Ruppert,28,lruppert37@aol.com,programming,sports,find a mentor,email
Kate,Mersey,68,kmersey38@symantec.com,programming,music,find a mentor,LinkedIn
Brianna,Billinge,66,bbillinge39@instagram.com,design,cooking,connect with industry professionals,email
Prince,Biles,38,pbiles3a@about.com,design,cooking,explore job opportunities,phone
Dagmar,Huckerby,73,dhuckerby3b@uiuc.edu,design,sports,find a mentor,phone
Miof mela,Antal,68,mantal3c@loc.gov,programming,music,connect with industry professionals,LinkedIn
Pat,Hewins,84,phewins3d@paypal.com,marketing,sports,explore job opportunities,phone
Galina,Hammon,68,ghammon3e@github.io,marketing,music,explore job opportunities,LinkedIn
Roddie,MacDermid,35,rmacdermid3f@bbc.co.uk,marketing,cooking,explore job opportunities,LinkedIn
Darin,Gallehawk,72,dgallehawk3g@hhs.gov,programming,music,connect with industry professionals,email
Tyrus,Slewcock,57,tslewcock3h@wordpress.com,marketing,cooking,find a mentor,phone
Zach,Stanyard,41,zstanyard3i@soundcloud.com,programming,sports,explore job opportunities,phone
Franciska,Anneslie,76,fanneslie3j@theguardian.com,design,sports,find a mentor,phone
Brittan,Klimushev,43,bklimushev3k@gravatar.com,marketing,sports,connect with industry professionals,LinkedIn
Harmonia,Tellenbroker,54,htellenbroker3l@cbc.ca,programming,cooking,explore job opportunities,LinkedIn
Ruthe,Hoggan,20,rhoggan3m@hud.gov,design,cooking,find a mentor,LinkedIn
Fancy,Keems,47,fkeems3n@ca.gov,design,music,connect with industry professionals,LinkedIn
Pandora,ducarme,52,pducarme3o@4shared.com,programming,music,find a mentor,email
Doralia,Featherstonhaugh,54,dfeatherstonhaugh3p@java.com,design,music,connect with industry professionals,LinkedIn
Lawry,Iddison,21,liddison3q@goodreads.com,programming,cooking,connect with industry professionals,LinkedIn
Byrann,Hugett,55,bhugett3r@dyndns.org,programming,sports,connect with industry professionals,phone
Sophie,Rosendale,84,srosendale3s@wikia.com,design,sports,find a mentor,email
Innis,Godart,48,igodart3t@feedburner.com,programming,cooking,find a mentor,email
Alanson,Margetson,39,amargetson3u@foxnews.com,programming,music,connect with industry professionals,phone
Austen,Thunnercliff,75,athunnercliff3v@wikispaces.com,design,cooking,find a mentor,LinkedIn
Freida,Scattergood,74,fscattergood3w@deviantart.com,marketing,cooking,connect with industry professionals,phone
Denna,Sproat,40,dsproat3x@nyu.edu,marketing,sports,connect with industry professionals,phone
Gael,Idale,74,gidale3y@ocn.ne.jp,marketing,sports,find a mentor,LinkedIn
Nell,Hucks,27,nhucks3z@nba.com,marketing,sports,find a mentor,phone
Mandel,Novic,26,mnovic40@php.net,programming,music,explore job opportunities,email
Erminie,Hurn,22,ehurn41@home.pl,programming,cooking,explore job opportunities,phone
Valentin,Silber,43,vsilber42@sphinn.com,design,music,connect with industry professionals,email
Saudra,Etteridge,69,setteridge43@arstechnica.com,design,music,find a mentor,phone
Tann,Flanner,20,tflanner44@sohu.com,programming,sports,connect with industry professionals,LinkedIn
Ricardo,Ruben,22,rruben45@cyberchimps.com,design,cooking,find a mentor,email
Raymond,Drayson,76,rdrayson46@pinterest.com,design,cooking,explore job opportunities,email
Amitie,Pert,77,apert47@fastcompany.com,programming,sports,explore job opportunities,phone
Hermine,MacSweeney,83,hmacsweeney48@forbes.com,marketing,cooking,explore job opportunities,email
Nolan,Lory,61,nlory49@eventbrite.com,marketing,cooking,explore job opportunities,phone
Harlan,Abazi,74,habazi4a@google.ca,marketing,cooking,explore job opportunities,phone
Kacy,Pinock,56,kpinock4b@mediafire.com,programming,sports,connect with industry professionals,phone
Linn,Lanphier,38,llanphier4c@deviantart.com,design,cooking,find a mentor,email
James,Twinborne,64,jtwinborne4d@nbcnews.com,programming,cooking,explore job opportunities,LinkedIn
Annamaria,Roffe,71,aroffe4e@booking.com,programming,sports,connect with industry professionals,LinkedIn
Ben,Bertrand,38,bbertrand4f@vistaprint.com,marketing,cooking,connect with industry professionals,email
Forest,Pawlowicz,73,fpawlowicz4g@lycos.com,marketing,cooking,find a mentor,phone
Suzette,Sincock,75,ssincock4h@java.com,design,music,explore job opportunities,email
Viole,Rissen,33,vrissen4i@google.es,marketing,sports,find a mentor,email
Louie,Menendez,56,lmenendez4j@free.fr,design,cooking,explore job opportunities,email
Chicky,Falconer-Taylor,66,cfalconertaylor4k@biglobe.ne.jp,design,cooking,explore job opportunities,email
Jammal,De Carlo,44,jdecarlo4l@soup.io,programming,cooking,connect with industry professionals,LinkedIn
Kissiah,Deuss,32,kdeuss4m@ca.gov,marketing,sports,connect with industry professionals,email
Hammad,Goldsby,50,hgoldsby4n@geocities.com,marketing,music,explore job opportunities,email
Jerri,Nel,57,jnel4o@surveymonkey.com,marketing,sports,find a mentor,email
Dilly,Hollerin,41,dhollerin4p@zimbio.com,programming,music,find a mentor,phone
Esdras,Attoe,75,eattoe4q@networksolutions.com,marketing,sports,explore job opportunities,email
Florette,Mahedy,81,fmahedy4r@hp.com,programming,cooking,connect with industry professionals,phone
Arabela,Nisard,32,anisard4s@house.gov,design,cooking,connect with industry professionals,email
Udall,Counsell,62,ucounsell4t@so-net.ne.jp,programming,music,connect with industry professionals,phone
Una,Hearley,48,uhearley4u@tripod.com,design,music,connect with industry professionals,email
Peg,Garden,32,pgarden4v@nytimes.com,programming,sports,find a mentor,LinkedIn
Brander,Richford,39,brichford4w@comsenz.com,marketing,sports,find a mentor,LinkedIn
Elsy,McFater,25,emcfater4x@tripadvisor.com,programming,music,explore job opportunities,phone
Grady,Kingston,22,gkingston4y@ucla.edu,programming,cooking,explore job opportunities,email
Jard,Janota,38,jjanota4z@toplist.cz,programming,cooking,find a mentor,phone
Charity,Paterno,79,cpaterno50@cnn.com,programming,cooking,explore job opportunities,phone
Dino,Hyam,43,dhyam51@moonfruit.com,design,sports,explore job opportunities,LinkedIn
Edan,Pehrsson,57,epehrsson52@tripod.com,design,cooking,explore job opportunities,phone
Ilise,Kubec,67,ikubec53@uiuc.edu,marketing,sports,connect with industry professionals,phone
Blane,De Hooch,65,bdehooch54@jimdo.com,marketing,music,explore job opportunities,LinkedIn
Care,Jolly,21,cjolly55@wunderground.com,marketing,music,connect with industry professionals,phone
Graham,Divis,45,gdivis56@usgs.gov,design,sports,connect with industry professionals,LinkedIn
Celestyna,Stretton,66,cstretton57@icq.com,design,sports,connect with industry professionals,LinkedIn
Rozanne,Probet,33,rprobet58@netscape.com,programming,cooking,connect with industry professionals,phone
Charis,Mertsching,48,cmertsching59@smugmug.com,marketing,sports,connect with industry professionals,phone
Aurea,Wetwood,56,awetwood5a@gizmodo.com,marketing,music,find a mentor,email
Cherie,Clubley,73,cclubley5b@g.co,programming,sports,explore job opportunities,phone
Harmony,Durrett,79,hdurrett5c@google.com.au,programming,sports,find a mentor,LinkedIn
Cleavland,Gavaghan,70,cgavaghan5d@lycos.com,design,sports,find a mentor,email
Persis,Enrich,45,penrich5e@telegraph.co.uk,programming,cooking,find a mentor,email
Ellwood,Newis,72,enewis5f@twitter.com,design,cooking,explore job opportunities,email
Sibbie,Ewbanche,36,sewbanche5g@seesaa.net,marketing,sports,explore job opportunities,phone
Jillian,Gwyllt,66,jgwyllt5h@jimdo.com,marketing,sports,explore job opportunities,email
Julita,Ezele,45,jezele5i@soup.io,programming,sports,explore job opportunities,phone
Antonie,Khomishin,57,akhomishin5j@symantec.com,marketing,sports,connect with industry professionals,phone
Caren,Dolder,37,cdolder5k@amazonaws.com,programming,music,explore job opportunities,LinkedIn
Sapphira,Bazell,19,sbazell5l@ox.ac.uk,marketing,sports,find a mentor,email
Roxie,Starking,85,rstarking5m@narod.ru,programming,sports,explore job opportunities,LinkedIn
Raimondo,Minor,82,rminor5n@fotki.com,marketing,cooking,connect with industry professionals,phone
Eileen,Gunderson,20,egunderson5o@360.cn,design,sports,explore job opportunities,LinkedIn
Margalit,Ackerley,33,mackerley5p@youtu.be,programming,cooking,find a mentor,email
Krystalle,Grocock,41,kgrocock5q@arstechnica.com,marketing,sports,connect with industry professionals,email
Remington,Seville,64,rseville5r@t-online.de,programming,sports,connect with industry professionals,email
Yvon,Babcock,71,ybabcock5s@netlog.com,design,sports,find a mentor,LinkedIn
Ruthe,Fitchet,41,rfitchet5t@upenn.edu,marketing,sports,find a mentor,LinkedIn
Florence,Lowndes,77,flowndes5u@nih.gov,programming,music,explore job opportunities,LinkedIn
Eadie,Marlin,59,emarlin5v@yahoo.co.jp,marketing,sports,find a mentor,phone
Gerianne,Avesque,47,gavesque5w@amazon.co.uk,programming,sports,connect with industry professionals,LinkedIn
Marlo,Hannah,75,mhannah5x@upenn.edu,marketing,sports,explore job opportunities,phone
Stirling,Perillo,70,sperillo5y@dyndns.org,design,cooking,find a mentor,LinkedIn
Zed,Grundle,31,zgrundle5z@wunderground.com,marketing,music,connect with industry professionals,phone
Enid,De Giorgio,75,edegiorgio60@comcast.net,programming,sports,find a mentor,LinkedIn
Solly,Belham,32,sbelham61@wikipedia.org,programming,music,connect with industry professionals,phone
Janifer,Leving,56,jleving62@tripadvisor.com,design,sports,connect with industry professionals,email
Selma,Nattriss,55,snattriss63@yelp.com,marketing,sports,connect with industry professionals,email
Shannon,Braden,51,sbraden64@toplist.cz,design,sports,find a mentor,LinkedIn
Othella,Yannoni,36,oyannoni65@about.com,programming,music,find a mentor,LinkedIn
Alvinia,Ivers,81,aivers66@nyu.edu,design,cooking,find a mentor,phone
Vinita,Skahill,20,vskahill67@hatena.ne.jp,design,cooking,explore job opportunities,email
Tann,Fabri,49,tfabri68@phpbb.com,programming,sports,explore job opportunities,LinkedIn
Kori,Pohlak,26,kpohlak69@biglobe.ne.jp,programming,cooking,connect with industry professionals,email
Tish,Klaussen,36,tklaussen6a@about.com,programming,sports,connect with industry professionals,LinkedIn
Mikael,Musto,59,mmusto6b@sbwire.com,programming,music,connect with industry professionals,LinkedIn
Holden,Heliar,52,hheliar6c@tumblr.com,programming,sports,explore job opportunities,LinkedIn
Genevieve,Heatherington,20,gheatherington6d@nps.gov,design,cooking,find a mentor,phone
Tybi,Pardy,65,tpardy6e@msn.com,marketing,cooking,explore job opportunities,phone
Leticia,Pelchat,27,lpelchat6f@wikia.com,programming,sports,explore job opportunities,email
Susannah,Candlish,30,scandlish6g@pbs.org,marketing,cooking,connect with industry professionals,LinkedIn
Laureen,Kless,30,lkless6h@flickr.com,design,sports,connect with industry professionals,email
Christel,Lowres,19,clowres6i@deliciousdays.com,programming,music,connect with industry professionals,phone
Hephzibah,Yakubowicz,60,hyakubowicz6j@desdev.cn,design,sports,find a mentor,LinkedIn
Erma,Spaducci,52,espaducci6k@mysql.com,marketing,music,find a mentor,LinkedIn
Danya,Allwright,46,dallwright6l@paginegialle.it,marketing,cooking,explore job opportunities,LinkedIn
Alisander,Salleir,45,asalleir6m@abc.net.au,programming,sports,connect with industry professionals,email
Benjy,Grayer,31,bgrayer6n@angelfire.com,programming,music,find a mentor,phone
Magdalen,Bluck,78,mbluck6o@nih.gov,programming,music,connect with industry professionals,phone
Amabelle,Roseburgh,36,aroseburgh6p@foxnews.com,design,sports,connect with industry professionals,phone
Koenraad,Brecknell,24,kbrecknell6q@forbes.com,marketing,cooking,explore job opportunities,LinkedIn
Hinda,Rheaume,75,hrheaume6r@cdbaby.com,design,music,find a mentor,phone
Angel,Riddel,22,ariddel6s@istockphoto.com,programming,sports,explore job opportunities,email
Meyer,Hungerford,66,mhungerford6t@walmart.com,marketing,music,connect with industry professionals,phone
Henrieta,Swedeland,68,hswedeland6u@soup.io,programming,cooking,find a mentor,phone
Jeana,De Francisci,45,jdefrancisci6v@baidu.com,marketing,music,find a mentor,LinkedIn
Maxie,Buard,32,mbuard6w@seattletimes.com,marketing,sports,explore job opportunities,phone
Kelsi,Castellet,81,kcastellet6x@woothemes.com,programming,cooking,explore job opportunities,phone
Deloris,Slaymaker,63,dslaymaker6y@nyu.edu,design,cooking,find a mentor,email
Dehlia,McRae,80,dmcrae6z@freewebs.com,design,sports,explore job opportunities,LinkedIn
Sharon,Channing,82,schanning70@ucsd.edu,programming,cooking,explore job opportunities,phone
Corbie,MacGiffin,56,cmacgiffin71@shareasale.com,programming,sports,find a mentor,email
Bald,Oattes,81,boattes72@4shared.com,design,music,connect with industry professionals,phone
Andreana,Ortega,56,aortega73@squidoo.com,programming,cooking,connect with industry professionals,LinkedIn
Ophelie,Colson,46,ocolson74@weebly.com,programming,music,connect with industry professionals,phone
Daniele,Armall,39,darmall75@europa.eu,marketing,cooking,explore job opportunities,phone
Fania,Mould,51,fmould76@loc.gov,design,sports,connect with industry professionals,phone
Aurlie,Purslow,72,apurslow77@whitehouse.gov,marketing,music,explore job opportunities,email
Mia,Cloutt,40,mcloutt78@wikimedia.org,marketing,sports,explore job opportunities,phone
Grete,Gronauer,79,ggronauer79@youku.com,design,music,explore job opportunities,LinkedIn
Abigail,Lyston,82,alyston7a@sciencedirect.com,design,sports,explore job opportunities,phone
Antonina,Helix,47,ahelix7b@toplist.cz,marketing,sports,explore job opportunities,LinkedIn
Dore,Pledger,55,dpledger7c@geocities.com,marketing,cooking,explore job opportunities,LinkedIn
Wenda,Guirardin,54,wguirardin7d@posterous.com,programming,sports,connect with industry professionals,phone
Cristobal,Tasseler,48,ctasseler7e@example.com,programming,cooking,find a mentor,email
Silvana,Spottiswoode,63,sspottiswoode7f@va.gov,design,music,find a mentor,phone
Elisha,McCorkell,67,emccorkell7g@stumbleupon.com,design,cooking,find a mentor,email
Binky,Chaston,27,bchaston7h@twitter.com,marketing,music,find a mentor,email
Simonne,Dalinder,61,sdalinder7i@howstuffworks.com,marketing,music,explore job opportunities,phone
Sterling,Jeannard,32,sjeannard7j@themeforest.net,marketing,music,explore job opportunities,email
Keslie,Ollerton,43,kollerton7k@ucla.edu,design,sports,find a mentor,LinkedIn
Pauline,Greggor,46,pgreggor7l@reuters.com,design,music,find a mentor,phone
Raychel,Kesterton,38,rkesterton7m@miitbeian.gov.cn,design,cooking,explore job opportunities,email
Traci,Dietsche,37,tdietsche7n@washington.edu,design,music,explore job opportunities,phone
Ashil,Kembrey,81,akembrey7o@about.me,programming,music,find a mentor,LinkedIn
Sutton,Heardman,74,sheardman7p@discovery.com,design,cooking,find a mentor,phone
Delaney,Rosenberger,82,drosenberger7q@dot.gov,programming,sports,connect with industry professionals,phone
Michaeline,Ballantyne,74,mballantyne7r@hostgator.com,design,music,connect with industry professionals,email
Fee,Zywicki,36,fzywicki7s@woothemes.com,design,cooking,find a mentor,email
Merl,Valens-Smith,26,mvalenssmith7t@cornell.edu,programming,cooking,explore job opportunities,phone
Alfonse,McGowran,63,amcgowran7u@archive.org,design,sports,find a mentor,email
Talya,Girton,29,tgirton7v@yellowbook.com,design,music,explore job opportunities,LinkedIn
Kristos,Varfalameev,54,kvarfalameev7w@blogtalkradio.com,programming,sports,connect with industry professionals,email
Cal,Shefton,83,cshefton7x@earthlink.net,programming,sports,connect with industry professionals,LinkedIn
Ulrika,Riden,79,uriden7y@apache.org,marketing,music,find a mentor,email
Octavia,Lewtey,40,olewtey7z@fastcompany.com,design,cooking,find a mentor,phone
Torrin,Maddock,51,tmaddock80@harvard.edu,design,cooking,find a mentor,LinkedIn
Lesly,Harlin,77,lharlin81@cmu.edu,programming,sports,connect with industry professionals,phone
Marinna,Moakler,34,mmoakler82@github.io,programming,cooking,explore job opportunities,phone
Jerrilee,Croneen,19,jcroneen83@joomla.org,design,cooking,explore job opportunities,LinkedIn
Cecilia,Pavinese,60,cpavinese84@creativecommons.org,marketing,cooking,find a mentor,email
Neille,Guillem,80,nguillem85@amazonaws.com,design,sports,find a mentor,phone
Gusta,Isacoff,20,gisacoff86@gnu.org,marketing,sports,explore job opportunities,email
Shamus,Sibthorp,53,ssibthorp87@psu.edu,programming,music,explore job opportunities,LinkedIn
Christal,Vaggers,18,cvaggers88@ebay.com,marketing,music,find a mentor,email
Farica,Goady,23,fgoady89@jimdo.com,marketing,music,connect with industry professionals,phone
Dagmar,Leadbeater,63,dleadbeater8a@utexas.edu,marketing,sports,explore job opportunities,LinkedIn
Gwenny,Surguine,45,gsurguine8b@mozilla.com,design,sports,find a mentor,email
Emmet,Bilbie,19,ebilbie8c@oakley.com,marketing,sports,find a mentor,email
Padraig,Thomason,53,pthomason8d@narod.ru,design,cooking,connect with industry professionals,LinkedIn
Aldric,Tunn,19,atunn8e@bloglines.com,programming,music,explore job opportunities,phone
Adrian,Dawidowicz,40,adawidowicz8f@npr.org,programming,sports,find a mentor,LinkedIn
Ruthie,Markey,68,rmarkey8g@opensource.org,programming,cooking,explore job opportunities,phone
Caitlin,Jurisic,32,cjurisic8h@studiopress.com,marketing,cooking,connect with industry professionals,LinkedIn
Kailey,Romain,25,kromain8i@census.gov,programming,music,explore job opportunities,phone
Delly,Aldcorn,67,daldcorn8j@elpais.com,marketing,sports,explore job opportunities,phone
Barclay,Jarrard,44,bjarrard8k@who.int,design,sports,explore job opportunities,email
Brunhilde,Churchyard,46,bchurchyard8l@xinhuanet.com,marketing,music,find a mentor,email
Jorry,Roggeman,69,jroggeman8m@fda.gov,design,cooking,find a mentor,LinkedIn
Lorianna,Teather,28,lteather8n@printfriendly.com,marketing,music,find a mentor,LinkedIn
Jena,Kentish,20,jkentish8o@wp.com,marketing,sports,connect with industry professionals,phone
Forbes,Struttman,50,fstruttman8p@imageshack.us,marketing,music,explore job opportunities,phone
Rodie,Lightbown,34,rlightbown8q@patch.com,programming,cooking,explore job opportunities,phone
Rosanne,Haws,19,rhaws8r@de.vu,design,cooking,find a mentor,email
Bink,Shefton,20,bshefton8s@behance.net,marketing,music,find a mentor,email
Estrellita,Brampton,65,ebrampton8t@miitbeian.gov.cn,design,music,find a mentor,phone
Reinwald,Hakonsen,50,rhakonsen8u@cisco.com,programming,music,find a mentor,LinkedIn
Beau,Huertas,59,bhuertas8v@skyrock.com,marketing,cooking,find a mentor,LinkedIn
Dexter,Aldhous,29,daldhous8w@odnoklassniki.ru,design,sports,find a mentor,email
Gun,Loutheane,55,gloutheane8x@go.com,programming,cooking,explore job opportunities,email
Reina,Trewinnard,48,rtrewinnard8y@dion.ne.jp,marketing,music,find a mentor,LinkedIn
Shermie,Gyer,31,sgyer8z@biglobe.ne.jp,design,cooking,connect with industry professionals,LinkedIn
Erna,Clayson,31,eclayson90@webmd.com,programming,cooking,find a mentor,LinkedIn
Deirdre,Brandoni,53,dbrandoni91@deviantart.com,design,music,explore job opportunities,LinkedIn
Cammi,Goodship,20,cgoodship92@disqus.com,design,music,find a mentor,LinkedIn
Andee,Noddings,63,anoddings93@gnu.org,programming,sports,connect with industry professionals,phone
Rice,Rowlin,26,rrowlin94@dion.ne.jp,marketing,sports,explore job opportunities,phone
Hannis,Blampied,41,hblampied95@tamu.edu,marketing,sports,explore job opportunities,email
Prescott,Bier,83,pbier96@microsoft.com,marketing,sports,connect with industry professionals,LinkedIn
Ansley,Borrel,30,aborrel97@msu.edu,design,sports,find a mentor,phone
Judye,Stearn,42,jstearn98@ft.com,design,sports,explore job opportunities,phone
Gerta,Chennells,80,gchennells99@pen.io,design,music,connect with industry professionals,email
Janeva,Menier,77,jmenier9a@dyndns.org,programming,sports,explore job opportunities,email
Ritchie,Vanderson,43,rvanderson9b@drupal.org,design,sports,find a mentor,phone
Enrichetta,Fennick,23,efennick9c@comcast.net,programming,cooking,connect with industry professionals,phone
Dionisio,Longfoot,74,dlongfoot9d@bloglovin.com,marketing,sports,explore job opportunities,phone
Elfrieda,Meadus,19,emeadus9e@about.com,design,music,find a mentor,email
Alisun,Rapson,60,arapson9f@japanpost.jp,marketing,cooking,find a mentor,email
Pamela,Delgardo,53,pdelgardo9g@360.cn,design,sports,find a mentor,email
Gabriela,Casbolt,74,gcasbolt9h@adobe.com,design,sports,explore job opportunities,phone
Wini,Wolfit,59,wwolfit9i@edublogs.org,programming,cooking,find a mentor,phone
Andriette,Rubenczyk,43,arubenczyk9j@ocn.ne.jp,programming,music,explore job opportunities,LinkedIn
Son,Pritchitt,79,spritchitt9k@howstuffworks.com,programming,sports,explore job opportunities,LinkedIn
Adriana,Sacker,63,asacker9l@fc2.com,programming,cooking,find a mentor,phone
Riannon,Drayn,23,rdrayn9m@scientificamerican.com,marketing,sports,find a mentor,email
Esteban,Jack,43,ejack9n@tumblr.com,design,sports,explore job opportunities,LinkedIn
Tore,Kibbel,33,tkibbel9o@alibaba.com,design,sports,connect with industry professionals,email
Leticia,Bindon,65,lbindon9p@sohu.com,design,sports,connect with industry professionals,phone
Afton,Rolse,47,arolse9q@barnesandnoble.com,design,cooking,connect with industry professionals,email
Clerissa,Betty,70,cbetty9r@shutterfly.com,programming,cooking,find a mentor,LinkedIn
Sholom,Priestland,19,spriestland9s@infoseek.co.jp,design,cooking,connect with industry professionals,email
Lani,Eake,65,leake9t@fema.gov,design,music,explore job opportunities,phone
Meryl,Fazakerley,64,mfazakerley9u@home.pl,programming,cooking,connect with industry professionals,email
Tory,Powell,72,tpowell9v@paypal.com,programming,cooking,find a mentor,phone
Lyndsie,Jory,79,ljory9w@unicef.org,design,sports,connect with industry professionals,email
Arlina,Steggals,68,asteggals9x@craigslist.org,marketing,cooking,connect with industry professionals,LinkedIn
Rosmunda,Pitney,80,rpitney9y@salon.com,marketing,cooking,explore job opportunities,LinkedIn
Adolphus,Housden,47,ahousden9z@sun.com,programming,sports,explore job opportunities,phone
Stormy,McPheat,20,smcpheata0@ftc.gov,design,cooking,connect with industry professionals,phone
Isaac,Elmore,50,ielmorea1@multiply.com,programming,cooking,find a mentor,LinkedIn
Bobby,Janse,18,bjansea2@cocolog-nifty.com,programming,cooking,find a mentor,email
Erin,Patise,21,epatisea3@linkedin.com,programming,cooking,connect with industry professionals,email
Joan,Sturgeon,60,jsturgeona4@facebook.com,programming,music,find a mentor,LinkedIn
Winnifred,Gounot,77,wgounota5@bluehost.com,marketing,sports,find a mentor,phone
Sharona,Wattam,24,swattama6@google.fr,programming,sports,explore job opportunities,phone
Rolando,Andryunin,55,randryunina7@mozilla.org,design,music,find a mentor,LinkedIn
Millie,Jeckells,69,mjeckellsa8@merriam-webster.com,programming,music,find a mentor,phone
Merrili,Pitrollo,25,mpitrolloa9@tamu.edu,design,music,connect with industry professionals,phone
Loretta,Speechly,68,lspeechlyaa@admin.ch,design,cooking,find a mentor,LinkedIn
Catha,Coggell,34,ccoggellab@privacy.gov.au,marketing,music,find a mentor,LinkedIn
Karalee,Wallbutton,35,kwallbuttonac@privacy.gov.au,design,music,connect with industry professionals,phone
Leila,Lassetter,55,llassetterad@bbb.org,design,cooking,find a mentor,email
Towny,Aurelius,42,taureliusae@marriott.com,programming,cooking,find a mentor,phone
Fritz,Futcher,35,ffutcheraf@google.fr,programming,sports,connect with industry professionals,LinkedIn
Donia,Courage,40,dcourageag@yolasite.com,design,cooking,find a mentor,email
Twila,Murrey,30,tmurreyah@java.com,design,music,explore job opportunities,LinkedIn
Katharyn,Snowman,38,ksnowmanai@spotify.com,design,sports,find a mentor,LinkedIn
Mina,Goalby,19,mgoalbyaj@adobe.com,programming,sports,find a mentor,LinkedIn
Alick,Dodridge,50,adodridgeak@scribd.com,programming,sports,find a mentor,email
Mei,Groombridge,48,mgroombridgeal@cisco.com,design,cooking,find a mentor,LinkedIn
Giacopo,Welling,47,gwellingam@csmonitor.com,design,cooking,connect with industry professionals,email
Jessie,Etienne,70,jetiennean@de.vu,programming,sports,connect with industry professionals,email
Vasily,Figge,42,vfiggeao@google.nl,design,music,find a mentor,phone
Riley,Long,71,rlongap@facebook.com,design,sports,explore job opportunities,phone
Vernen,Beeken,54,vbeekenaq@tamu.edu,programming,cooking,explore job opportunities,email
Janella,Allberry,60,jallberryar@statcounter.com,marketing,cooking,connect with industry professionals,email
Dorthy,Whyman,21,dwhymanas@ask.com,marketing,cooking,connect with industry professionals,LinkedIn
Rab,Abazi,42,rabaziat@cmu.edu,design,cooking,connect with industry professionals,phone
Athene,Gowry,50,agowryau@elpais.com,programming,sports,explore job opportunities,phone
Isis,Cornewell,61,icornewellav@mysql.com,programming,music,explore job opportunities,email
Cymbre,Gerriets,79,cgerrietsaw@infoseek.co.jp,marketing,music,connect with industry professionals,LinkedIn
Ruy,Bumfrey,68,rbumfreyax@opera.com,design,sports,find a mentor,LinkedIn
Delmore,Spellacy,60,dspellacyay@discuz.net,design,cooking,connect with industry professionals,phone
Cully,McIntosh,47,cmcintoshaz@chicagotribune.com,marketing,music,connect with industry professionals,LinkedIn
Lizzie,Klampk,44,lklampkb0@fema.gov,design,cooking,find a mentor,phone
Jarrett,Ludman,68,jludmanb1@dedecms.com,design,music,explore job opportunities,phone
Ellen,Costard,61,ecostardb2@psu.edu,programming,cooking,find a mentor,phone
Tilda,Wurz,82,twurzb3@mail.ru,marketing,music,explore job opportunities,phone
Jane,Birdsey,67,jbirdseyb4@surveymonkey.com,programming,sports,connect with industry professionals,phone
Smitty,Dotterill,50,sdotterillb5@webeden.co.uk,programming,music,find a mentor,phone
Sigmund,Yakobovicz,23,syakoboviczb6@ustream.tv,marketing,music,explore job opportunities,phone
Melesa,Dallaghan,25,mdallaghanb7@tripod.com,marketing,sports,explore job opportunities,phone
Osbourn,Gifkins,30,ogifkinsb8@timesonline.co.uk,marketing,music,connect with industry professionals,email
Averell,Collingdon,79,acollingdonb9@ox.ac.uk,design,sports,connect with industry professionals,phone
Cissiee,Jeffers,66,cjeffersba@cyberchimps.com,design,music,find a mentor,LinkedIn
Karleen,Cotton,82,kcottonbb@microsoft.com,design,cooking,connect with industry professionals,phone
Ebba,Whettleton,78,ewhettletonbc@scribd.com,design,music,connect with industry professionals,LinkedIn
Lanna,Penswick,49,lpenswickbd@usda.gov,marketing,cooking,connect with industry professionals,email
Larisa,I'anson,41,liansonbe@nasa.gov,marketing,sports,find a mentor,email
Chantalle,Haselup,63,chaselupbf@ucoz.com,programming,cooking,explore job opportunities,email
Dedie,Kenset,74,dkensetbg@pinterest.com,programming,cooking,find a mentor,LinkedIn
Hermy,Goldingay,60,hgoldingaybh@imgur.com,marketing,sports,explore job opportunities,email
Darrelle,Craggs,33,dcraggsbi@omniture.com,programming,music,explore job opportunities,LinkedIn
Sancho,Middleditch,34,smiddleditchbj@jimdo.com,programming,music,find a mentor,email
Rycca,Maymond,66,rmaymondbk@google.it,programming,sports,connect with industry professionals,email
Etan,Di Pietro,42,edipietrobl@miitbeian.gov.cn,design,music,connect with industry professionals,email
Chevalier,O'Connolly,73,coconnollybm@bandcamp.com,programming,music,find a mentor,phone
Linzy,Hegerty,75,lhegertybn@ihg.com,design,sports,connect with industry professionals,LinkedIn
Filbert,Gulliver,49,fgulliverbo@drupal.org,design,music,connect with industry professionals,email
Royal,Gipson,59,rgipsonbp@usa.gov,design,music,connect with industry professionals,email
Jeannette,Pellamont,67,jpellamontbq@deviantart.com,marketing,music,explore job opportunities,email
Maybelle,Gorse,83,mgorsebr@slashdot.org,marketing,sports,explore job opportunities,email
Maggie,Pebworth,84,mpebworthbs@nhs.uk,programming,sports,connect with industry professionals,LinkedIn
Evered,Vivian,54,evivianbt@flavors.me,design,sports,find a mentor,email
Lark,Cattemull,66,lcattemullbu@army.mil,programming,cooking,explore job opportunities,LinkedIn
Etheline,Major,62,emajorbv@google.nl,programming,sports,find a mentor,email
Brenden,Gothrup,36,bgothrupbw@google.it,programming,sports,connect with industry professionals,LinkedIn
Harper,Clabburn,21,hclabburnbx@vistaprint.com,design,cooking,connect with industry professionals,LinkedIn
Leann,Roskam,24,lroskamby@booking.com,programming,cooking,explore job opportunities,LinkedIn
Davina,Aguilar,84,daguilarbz@hostgator.com,design,cooking,connect with industry professionals,phone
Brigham,Lapre,29,blaprec0@sbwire.com,marketing,music,find a mentor,email
Karlotte,Paschek,49,kpaschekc1@netvibes.com,programming,music,explore job opportunities,LinkedIn
Rene,Phillps,69,rphillpsc2@woothemes.com,programming,sports,explore job opportunities,LinkedIn
Abbie,Wooffitt,43,awooffittc3@wufoo.com,design,sports,explore job opportunities,email
Malchy,Stannislawski,73,mstannislawskic4@cornell.edu,design,cooking,find a mentor,phone
Sauveur,Blundin,79,sblundinc5@amazon.co.jp,programming,sports,explore job opportunities,email
Glynis,Brumham,74,gbrumhamc6@alibaba.com,design,sports,connect with industry professionals,LinkedIn
Osbourn,Yuille,18,oyuillec7@ycombinator.com,marketing,music,connect with industry professionals,LinkedIn
Maddie,Lambrick,80,mlambrickc8@princeton.edu,programming,music,connect with industry professionals,LinkedIn
Marcelle,Bozworth,18,mbozworthc9@kickstarter.com,marketing,music,connect with industry professionals,phone
Kalvin,Backes,74,kbackesca@exblog.jp,programming,sports,find a mentor,phone
Arther,Glazyer,62,aglazyercb@ted.com,marketing,sports,find a mentor,phone
Florencia,John,38,fjohncc@tumblr.com,marketing,music,connect with industry professionals,LinkedIn
Kiele,Gerram,42,kgerramcd@elpais.com,design,sports,connect with industry professionals,email
Nikolia,McRorie,23,nmcroriece@shop-pro.jp,design,cooking,find a mentor,LinkedIn
Hurleigh,Huntly,45,hhuntlycf@noaa.gov,marketing,sports,explore job opportunities,email
Cletus,Ingamells,65,cingamellscg@msn.com,marketing,music,explore job opportunities,email
Symon,Marr,72,smarrch@psu.edu,programming,cooking,connect with industry professionals,phone
Clement,Ginman,58,cginmanci@cocolog-nifty.com,programming,cooking,explore job opportunities,phone
Corenda,Fines,35,cfinescj@purevolume.com,design,music,find a mentor,LinkedIn
Neall,Caile,55,ncaileck@fema.gov,marketing,music,find a mentor,LinkedIn
Clarance,Hug,52,chugcl@123-reg.co.uk,marketing,sports,explore job opportunities,LinkedIn
Lusa,Henrichs,48,lhenrichscm@newyorker.com,design,music,find a mentor,phone
Sallyanne,Pinkett,85,spinkettcn@telegraph.co.uk,design,cooking,find a mentor,phone
Brenden,Cominello,40,bcominelloco@vinaora.com,marketing,cooking,explore job opportunities,phone
Gertrudis,Alywen,78,galywencp@live.com,marketing,cooking,explore job opportunities,email
Valentina,Wellman,78,vwellmancq@tinypic.com,marketing,sports,find a mentor,LinkedIn
Coop,Blowen,64,cblowencr@nymag.com,design,cooking,explore job opportunities,phone
Fanchette,Seward,29,fsewardcs@dropbox.com,programming,sports,connect with industry professionals,phone
Elijah,Wagnerin,45,ewagnerinct@independent.co.uk,design,sports,find a mentor,LinkedIn
Vilma,Itzhaiek,33,vitzhaiekcu@vistaprint.com,programming,music,find a mentor,email
Giselbert,Daykin,78,gdaykincv@nhs.uk,design,music,connect with industry professionals,phone
Gerda,Sweetmore,38,gsweetmorecw@army.mil,design,cooking,explore job opportunities,LinkedIn
Andrei,Klamp,21,aklampcx@blogtalkradio.com,design,cooking,explore job opportunities,email
Brandea,Zuppa,70,bzuppacy@smh.com.au,programming,music,explore job opportunities,phone
Aleda,Ayton,85,aaytoncz@indiegogo.com,design,sports,explore job opportunities,email
Indira,Tetla,29,itetlad0@netvibes.com,programming,cooking,find a mentor,LinkedIn
Darb,Bravery,74,dbraveryd1@tuttocitta.it,marketing,music,find a mentor,LinkedIn
Blakelee,Lafrentz,46,blafrentzd2@de.vu,programming,sports,connect with industry professionals,phone
Jamey,McDougle,70,jmcdougled3@ustream.tv,marketing,music,find a mentor,LinkedIn
Carlen,Evanson,73,cevansond4@weebly.com,programming,cooking,find a mentor,email
Cosimo,Goodridge,42,cgoodridged5@parallels.com,programming,sports,find a mentor,email
Fedora,Luparto,36,flupartod6@ihg.com,marketing,sports,connect with industry professionals,phone
Belva,Linggard,36,blinggardd7@friendfeed.com,design,cooking,find a mentor,LinkedIn
Waverly,Wickersham,30,wwickershamd8@sakura.ne.jp,design,cooking,find a mentor,phone
Trace,Hagyard,72,thagyardd9@biblegateway.com,programming,sports,connect with industry professionals,LinkedIn
Obadias,McDonald,70,omcdonaldda@wired.com,design,music,explore job opportunities,phone
Frieda,Brosch,40,fbroschdb@networkadvertising.org,programming,sports,explore job opportunities,phone
Mandel,Stratton,55,mstrattondc@unc.edu,programming,music,find a mentor,email
Lulu,Hurst,46,lhurstdd@ihg.com,programming,sports,find a mentor,email
Myranda,Fassman,80,mfassmande@google.co.uk,design,music,find a mentor,phone
Amie,Corringham,80,acorringhamdf@walmart.com,design,cooking,connect with industry professionals,LinkedIn
Stinky,Coatts,83,scoattsdg@wufoo.com,programming,music,explore job opportunities,LinkedIn
Ivie,Berg,76,ibergdh@sciencedirect.com,programming,sports,find a mentor,phone
Darren,Yewdall,18,dyewdalldi@apache.org,design,cooking,connect with industry professionals,email
Dew,McAdam,55,dmcadamdj@engadget.com,design,cooking,explore job opportunities,LinkedIn
Cara,Winfield,31,cwinfielddk@sitemeter.com,design,music,explore job opportunities,LinkedIn
Hakeem,Kiddye,73,hkiddyedl@amazon.co.uk,design,sports,connect with industry professionals,phone
Carley,Dict,65,cdictdm@japanpost.jp,programming,music,find a mentor,LinkedIn
Hamlen,Collacombe,44,hcollacombedn@w3.org,programming,music,find a mentor,LinkedIn
Robers,Vannini,55,rvanninido@indiatimes.com,design,sports,explore job opportunities,LinkedIn
Karlen,Brook,34,kbrookdp@bbc.co.uk,design,music,connect with industry professionals,email
Meredith,McCord,20,mmccorddq@whitehouse.gov,design,cooking,find a mentor,phone
Manon,Slimon,54,mslimondr@nih.gov,design,cooking,find a mentor,LinkedIn
Stanfield,Yeudall,28,syeudallds@washington.edu,marketing,music,explore job opportunities,LinkedIn
Parker,Currington,69,pcurringtondt@youku.com,design,sports,explore job opportunities,email
Colby,Hallas,36,challasdu@bizjournals.com,programming,cooking,find a mentor,email
Tristan,Rodnight,79,trodnightdv@ifeng.com,programming,music,find a mentor,LinkedIn
Umeko,Suckling,80,usucklingdw@springer.com,programming,cooking,connect with industry professionals,email
Serene,O'Carran,46,socarrandx@soup.io,marketing,sports,explore job opportunities,LinkedIn
Alvinia,Rosevear,85,aroseveardy@dyndns.org,design,cooking,find a mentor,LinkedIn
Ingaborg,Du Fray,18,idufraydz@hugedomains.com,programming,music,find a mentor,phone
Witty,O'Neal,41,woneale0@earthlink.net,marketing,cooking,connect with industry professionals,phone
Alanna,Ashborne,26,aashbornee1@webmd.com,marketing,sports,explore job opportunities,LinkedIn
Jone,Larkin,21,jlarkine2@mayoclinic.com,marketing,sports,find a mentor,LinkedIn
Lynett,Brando,70,lbrandoe3@t.co,design,music,explore job opportunities,LinkedIn
Alexis,Faulkner,71,afaulknere4@godaddy.com,programming,cooking,connect with industry professionals,LinkedIn
Christoffer,Beadell,70,cbeadelle5@reverbnation.com,marketing,music,explore job opportunities,LinkedIn
Germain,Lambswood,72,glambswoode6@nydailynews.com,marketing,sports,find a mentor,email
Darrin,Robus,44,drobuse7@i2i.jp,programming,music,connect with industry professionals,email
Torry,Beggs,60,tbeggse8@edublogs.org,programming,sports,explore job opportunities,LinkedIn
Whitman,Mattek,39,wmatteke9@delicious.com,design,music,connect with industry professionals,LinkedIn
Xena,Fessler,58,xfesslerea@amazon.de,marketing,sports,connect with industry professionals,phone
York,Rudeyeard,75,yrudeyeardeb@rediff.com,programming,cooking,explore job opportunities,LinkedIn
Poppy,Matveiko,50,pmatveikoec@is.gd,design,sports,explore job opportunities,email
Orin,Flatt,22,oflatted@geocities.jp,programming,music,find a mentor,LinkedIn
Ruthann,Till,74,rtillee@webmd.com,design,cooking,connect with industry professionals,email
Sharla,Asp,46,saspef@deviantart.com,programming,cooking,connect with industry professionals,email
Wally,Fibbit,29,wfibbiteg@dion.ne.jp,design,sports,explore job opportunities,LinkedIn
Cicily,Carslaw,30,ccarslaweh@alexa.com,marketing,cooking,find a mentor,LinkedIn
Catina,Francino,40,cfrancinoei@netscape.com,programming,cooking,connect with industry professionals,phone
Bancroft,Hurch,56,bhurchej@youku.com,programming,cooking,explore job opportunities,LinkedIn
Issy,Javes,24,ijavesek@seattletimes.com,marketing,music,explore job opportunities,phone
Marice,Burkill,80,mburkillel@google.de,programming,sports,find a mentor,LinkedIn
Dorisa,Stutard,25,dstutardem@dmoz.org,design,cooking,connect with industry professionals,phone
Doro,Dubery,24,dduberyen@opera.com,programming,music,explore job opportunities,email
Nadiya,Guihen,57,nguiheneo@scientificamerican.com,programming,sports,connect with industry professionals,phone
Sergent,Graeser,35,sgraeserep@163.com,design,cooking,explore job opportunities,LinkedIn
Ileane,Kenright,71,ikenrighteq@wufoo.com,design,sports,explore job opportunities,phone
Martino,Gritskov,75,mgritskover@oakley.com,design,cooking,find a mentor,email
Hermia,Cutts,56,hcuttses@dailymotion.com,design,sports,explore job opportunities,email
Archie,Vanes,53,avaneset@blinklist.com,design,cooking,explore job opportunities,phone
Brunhilde,Mathivet,42,bmathiveteu@wired.com,marketing,cooking,find a mentor,LinkedIn
Hedvige,Hryniewicki,82,hhryniewickiev@ifeng.com,programming,sports,find a mentor,email
Ancell,Entres,61,aentresew@redcross.org,design,cooking,connect with industry professionals,email
Morty,Belfrage,51,mbelfrageex@arstechnica.com,marketing,music,connect with industry professionals,LinkedIn
Therine,Durtnell,71,tdurtnelley@netlog.com,marketing,music,connect with industry professionals,phone
Glen,Agerskow,85,gagerskowez@yahoo.com,design,cooking,find a mentor,LinkedIn
Susana,Culverhouse,72,sculverhousef0@theguardian.com,design,music,explore job opportunities,email
Delly,Raylton,57,drayltonf1@squidoo.com,design,cooking,explore job opportunities,email
Kinny,Riach,21,kriachf2@flavors.me,marketing,music,explore job opportunities,LinkedIn
Tedda,Cardoe,44,tcardoef3@alibaba.com,design,sports,explore job opportunities,LinkedIn
Wilfred,Dartan,32,wdartanf4@plala.or.jp,marketing,music,connect with industry professionals,email
Sam,Dmitrichenko,41,sdmitrichenkof5@ftc.gov,programming,music,find a mentor,phone
Dimitri,Murphey,83,dmurpheyf6@163.com,design,music,find a mentor,email
Lazare,Caslane,79,lcaslanef7@comcast.net,programming,cooking,find a mentor,email
Rogers,Bilyard,33,rbilyardf8@ifeng.com,marketing,sports,explore job opportunities,email
Merrily,Braunter,25,mbraunterf9@nba.com,programming,sports,explore job opportunities,LinkedIn
Erek,Gittoes,21,egittoesfa@bizjournals.com,programming,cooking,find a mentor,LinkedIn
Katrinka,Baradel,21,kbaradelfb@google.pl,programming,sports,connect with industry professionals,phone
Margo,Holliar,59,mholliarfc@opera.com,programming,cooking,explore job opportunities,email
Abran,King,56,akingfd@bloglines.com,design,music,find a mentor,LinkedIn
Fancie,Pykerman,83,fpykermanfe@si.edu,programming,sports,find a mentor,phone
Maxy,Jerdon,81,mjerdonff@ifeng.com,marketing,cooking,connect with industry professionals,phone
Auguste,Camosso,37,acamossofg@fotki.com,programming,cooking,find a mentor,phone
Guglielmo,Battabee,55,gbattabeefh@pbs.org,marketing,cooking,find a mentor,email
Ashley,Hawtrey,41,ahawtreyfi@wikia.com,programming,cooking,explore job opportunities,LinkedIn
Pernell,Tilliard,83,ptilliardfj@hc360.com,design,sports,explore job opportunities,LinkedIn
Eve,Avramovsky,48,eavramovskyfk@fotki.com,programming,cooking,find a mentor,email
Klara,Haslock(e),67,khaslockefl@biblegateway.com,design,cooking,explore job opportunities,phone
Lori,Heiss,35,lheissfm@gizmodo.com,programming,cooking,connect with industry professionals,email
Jenelle,Radborne,78,jradbornefn@unicef.org,marketing,music,connect with industry professionals,phone
Genevieve,Axcell,41,gaxcellfo@homestead.com,design,cooking,find a mentor,LinkedIn
Friederike,Calken,72,fcalkenfp@netlog.com,marketing,sports,find a mentor,email
Van,Talby,43,vtalbyfq@howstuffworks.com,programming,cooking,find a mentor,phone
Niven,Tyrone,73,ntyronefr@msu.edu,programming,music,explore job opportunities,phone
Candace,O'Sherin,29,cosherinfs@kickstarter.com,design,music,find a mentor,email
Rustie,Ivery,29,riveryft@reddit.com,programming,cooking,find a mentor,phone
Gabi,Westberg,24,gwestbergfu@cbc.ca,marketing,sports,connect with industry professionals,email
Salli,Weerdenburg,39,sweerdenburgfv@techcrunch.com,programming,sports,connect with industry professionals,phone
Elizabeth,Shank,52,eshankfw@theatlantic.com,design,cooking,find a mentor,phone
Jewelle,Tuxwell,65,jtuxwellfx@goo.ne.jp,marketing,music,connect with industry professionals,phone
Abey,Corey,28,acoreyfy@comcast.net,marketing,cooking,find a mentor,email
Cynthy,Fuller,34,cfullerfz@acquirethisname.com,marketing,cooking,find a mentor,LinkedIn
Dolf,Cawse,20,dcawseg0@cnbc.com,design,cooking,find a mentor,LinkedIn
Melany,Brooksby,28,mbrooksbyg1@sciencedaily.com,design,music,explore job opportunities,LinkedIn
Marijn,Dodridge,46,mdodridgeg2@salon.com,programming,cooking,explore job opportunities,email
Ardith,Mayoh,53,amayohg3@meetup.com,marketing,sports,find a mentor,phone
Clareta,Brookes,79,cbrookesg4@github.com,marketing,sports,explore job opportunities,phone
Tammy,Lynch,85,tlynchg5@yolasite.com,marketing,cooking,connect with industry professionals,LinkedIn
Lolly,Yoskowitz,74,lyoskowitzg6@amazon.com,marketing,cooking,find a mentor,email
Vicki,Tunnadine,31,vtunnadineg7@webeden.co.uk,design,cooking,find a mentor,phone
Syman,Rendle,77,srendleg8@nsw.gov.au,programming,sports,explore job opportunities,phone
Laird,Martinat,33,lmartinatg9@nsw.gov.au,design,sports,explore job opportunities,phone
Frieda,Walford,76,fwalfordga@businesswire.com,design,sports,find a mentor,email
Ciro,Strowan,59,cstrowangb@independent.co.uk,programming,sports,connect with industry professionals,phone
Nikolaus,Shewring,50,nshewringgc@goo.ne.jp,programming,music,connect with industry professionals,LinkedIn
Zacharias,Broschke,39,zbroschkegd@amazon.com,programming,music,find a mentor,phone
Brandi,Baty,25,bbatyge@bloglines.com,programming,cooking,connect with industry professionals,email
Bail,Bernardini,79,bbernardinigf@google.com.br,design,sports,explore job opportunities,phone
Helena,Kearns,20,hkearnsgg@wikimedia.org,marketing,cooking,connect with industry professionals,email
Bradford,Riccardelli,76,briccardelligh@bigcartel.com,programming,sports,connect with industry professionals,phone
Clevie,Shanahan,72,cshanahangi@go.com,programming,sports,find a mentor,email
Alf,Trunkfield,63,atrunkfieldgj@microsoft.com,marketing,music,explore job opportunities,LinkedIn
Jo,Matthieson,67,jmatthiesongk@hatena.ne.jp,marketing,music,explore job opportunities,email
Bennie,Tully,19,btullygl@dell.com,programming,cooking,connect with industry professionals,phone
Carry,Klimus,58,cklimusgm@nationalgeographic.com,marketing,cooking,explore job opportunities,LinkedIn
Kakalina,Hamor,59,khamorgn@economist.com,marketing,cooking,connect with industry professionals,LinkedIn
Zachariah,Rosberg,26,zrosberggo@e-recht24.de,marketing,sports,connect with industry professionals,email
Adrianne,Nisco,19,aniscogp@wunderground.com,programming,cooking,explore job opportunities,email
Lelia,Ellingsworth,68,lellingsworthgq@netscape.com,design,cooking,explore job opportunities,phone
Robb,Midlane,65,rmidlanegr@sogou.com,programming,sports,find a mentor,phone
Matthew,Sire,75,msiregs@blogtalkradio.com,marketing,sports,explore job opportunities,phone
Thalia,Neward,44,tnewardgt@eventbrite.com,programming,music,find a mentor,email
Morissa,Lewendon,60,mlewendongu@deliciousdays.com,design,sports,connect with industry professionals,email
Celestyn,Bonavia,81,cbonaviagv@nifty.com,marketing,cooking,explore job opportunities,email
Rozele,Baldacchino,54,rbaldacchinogw@plala.or.jp,marketing,sports,explore job opportunities,LinkedIn
Bret,Pitney,70,bpitneygx@ustream.tv,marketing,music,connect with industry professionals,LinkedIn
Steffie,Whitwam,73,swhitwamgy@hibu.com,design,sports,find a mentor,LinkedIn
Titos,Fazackerley,62,tfazackerleygz@ezinearticles.com,marketing,cooking,explore job opportunities,email
Giavani,Jerdan,73,gjerdanh0@nps.gov,design,music,explore job opportunities,email
Joel,Tupman,28,jtupmanh1@google.cn,marketing,sports,find a mentor,email
Rani,Howle,52,rhowleh2@ucoz.ru,marketing,cooking,connect with industry professionals,LinkedIn
Skylar,Garthland,83,sgarthlandh3@privacy.gov.au,design,music,connect with industry professionals,phone
Alene,Drew-Clifton,79,adrewcliftonh4@apache.org,design,sports,connect with industry professionals,email
Trenna,Cail,35,tcailh5@irs.gov,design,cooking,explore job opportunities,phone
Chad,Probets,75,cprobetsh6@ning.com,marketing,music,explore job opportunities,email
Elianore,Zuan,29,ezuanh7@timesonline.co.uk,programming,cooking,explore job opportunities,phone
Milt,Rolling,28,mrollingh8@tuttocitta.it,programming,music,find a mentor,email
Robers,Castilla,18,rcastillah9@github.io,programming,sports,connect with industry professionals,email
Elnore,Saladine,77,esaladineha@tripadvisor.com,marketing,music,explore job opportunities,phone
Antonella,Calcott,72,acalcotthb@nbcnews.com,design,music,connect with industry professionals,phone
Pace,Dace,78,pdacehc@eepurl.com,design,sports,connect with industry professionals,email
Tori,Cassy,25,tcassyhd@domainmarket.com,marketing,cooking,connect with industry professionals,phone
Cindra,Tremain,56,ctremainhe@fotki.com,marketing,sports,connect with industry professionals,phone
Gage,Souley,49,gsouleyhf@usda.gov,design,cooking,explore job opportunities,email
Ivonne,Delf,37,idelfhg@blog.com,marketing,music,connect with industry professionals,LinkedIn
Dewie,Szymanek,68,dszymanekhh@123-reg.co.uk,design,cooking,explore job opportunities,phone
Hayley,Witheford,84,hwithefordhi@wix.com,design,music,explore job opportunities,LinkedIn
Chris,Umpleby,22,cumplebyhj@goo.gl,design,cooking,explore job opportunities,LinkedIn
Nye,Zmitruk,73,nzmitrukhk@theatlantic.com,programming,music,find a mentor,phone
Seana,Organ,24,sorganhl@reference.com,programming,cooking,find a mentor,phone
Daniel,Wilkinson,53,dwilkinsonhm@reference.com,design,sports,find a mentor,email
Huntley,Covington,68,hcovingtonhn@rambler.ru,design,music,find a mentor,LinkedIn
Ennis,Cleynaert,46,ecleynaertho@t.co,marketing,cooking,explore job opportunities,LinkedIn
Jackelyn,Kineton,32,jkinetonhp@naver.com,design,music,explore job opportunities,phone
Sven,Woolforde,19,swoolfordehq@youku.com,marketing,sports,find a mentor,phone
Orella,Alans,70,oalanshr@1und1.de,marketing,sports,connect with industry professionals,email
Cassondra,Darnborough,82,cdarnboroughhs@msn.com,design,cooking,connect with industry professionals,phone
Arri,Ferrie,30,aferrieht@google.co.uk,programming,sports,explore job opportunities,LinkedIn
Lyle,Bramhill,48,lbramhillhu@com.com,programming,sports,explore job opportunities,phone
Bradan,Ussher,50,bussherhv@webs.com,marketing,sports,connect with industry professionals,email
Idell,Harland,83,iharlandhw@patch.com,design,cooking,connect with industry professionals,email
Reuven,Sandland,76,rsandlandhx@gov.uk,programming,sports,explore job opportunities,phone
Cyrillus,Schooling,45,cschoolinghy@angelfire.com,marketing,cooking,connect with industry professionals,LinkedIn
Sibby,Follet,65,sfollethz@deliciousdays.com,marketing,sports,find a mentor,phone
Iver,Kilmaster,36,ikilmasteri0@toplist.cz,design,music,find a mentor,email
Parker,Czajka,27,pczajkai1@ca.gov,programming,music,connect with industry professionals,LinkedIn
Phylys,Strugnell,43,pstrugnelli2@yelp.com,design,sports,connect with industry professionals,phone
Neda,L'oiseau,34,nloiseaui3@nbcnews.com,design,cooking,connect with industry professionals,email
Kane,Snoding,51,ksnodingi4@reference.com,marketing,cooking,find a mentor,email
Elvin,Middlemist,36,emiddlemisti5@eventbrite.com,marketing,music,connect with industry professionals,LinkedIn
Gabriell,Balmadier,64,gbalmadieri6@jimdo.com,programming,sports,explore job opportunities,phone
Margarita,Flecknell,77,mflecknelli7@gnu.org,marketing,sports,find a mentor,phone
Thorpe,Buckle,22,tbucklei8@google.nl,marketing,sports,find a mentor,LinkedIn
Marco,Hurd,63,mhurdi9@wikipedia.org,marketing,music,find a mentor,LinkedIn
Patrizius,Nardoni,65,pnardoniia@about.me,marketing,sports,find a mentor,phone
Clarinda,Holmyard,83,cholmyardib@cargocollective.com,design,cooking,find a mentor,phone
Dalston,Parratt,23,dparrattic@flavors.me,design,cooking,explore job opportunities,phone
Stefa,Crownshaw,71,scrownshawid@com.com,design,cooking,find a mentor,LinkedIn
Gerti,Keelinge,72,gkeelingeie@cloudflare.com,design,cooking,find a mentor,email
Danyette,Ibbott,62,dibbottif@google.com.au,marketing,music,connect with industry professionals,email
Tybie,Long,54,tlongig@hexun.com,marketing,sports,explore job opportunities,LinkedIn
Cly,Killwick,64,ckillwickih@github.io,design,cooking,find a mentor,phone
Howey,Bucklan,71,hbucklanii@hp.com,programming,cooking,explore job opportunities,phone
Randy,Vasile,35,rvasileij@mapy.cz,marketing,music,connect with industry professionals,phone
Lissi,Benham,35,lbenhamik@archive.org,design,music,explore job opportunities,phone
Dyana,Avieson,22,daviesonil@oakley.com,programming,music,connect with industry professionals,email
Bing,Extall,43,bextallim@fotki.com,design,cooking,explore job opportunities,email
Giacinta,Skea,24,gskeain@sciencedaily.com,design,sports,connect with industry professionals,phone
Brena,Buncom,36,bbuncomio@xinhuanet.com,programming,cooking,find a mentor,LinkedIn
Gabi,Doulton,66,gdoultonip@nsw.gov.au,design,music,explore job opportunities,LinkedIn
Estrellita,Seven,21,eseveniq@mail.ru,marketing,sports,connect with industry professionals,phone
Donovan,Shorto,40,dshortoir@jugem.jp,design,sports,explore job opportunities,email
Pavlov,Callinan,51,pcallinanis@intel.com,marketing,music,connect with industry professionals,phone
Cosimo,Sykora,59,csykorait@npr.org,design,sports,find a mentor,phone
Algernon,Gamblin,78,agambliniu@ed.gov,programming,cooking,explore job opportunities,email
Arri,Cumbes,63,acumbesiv@wix.com,design,sports,explore job opportunities,LinkedIn
Caro,Gammack,45,cgammackiw@cyberchimps.com,programming,sports,find a mentor,LinkedIn
Dasie,Cloughton,73,dcloughtonix@nifty.com,design,cooking,explore job opportunities,LinkedIn
Koralle,Greig,75,kgreigiy@ocn.ne.jp,design,cooking,explore job opportunities,LinkedIn
Tomi,Cust,61,tcustiz@google.com.hk,programming,sports,connect with industry professionals,email
Lenna,Beaton,37,lbeatonj0@github.com,design,music,find a mentor,phone
Kara-lynn,Yarrell,27,kyarrellj1@dion.ne.jp,marketing,sports,find a mentor,email
Nata,Head,69,nheadj2@blog.com,programming,music,find a mentor,phone
Dukie,Cornish,51,dcornishj3@yandex.ru,programming,cooking,find a mentor,phone
Ransell,Ludron,60,rludronj4@psu.edu,marketing,music,explore job opportunities,phone
Sarajane,Thickins,69,sthickinsj5@google.pl,programming,sports,explore job opportunities,phone
Vivyan,MacRanald,77,vmacranaldj6@nih.gov,programming,sports,connect with industry professionals,email
Raul,Ridwood,19,rridwoodj7@cafepress.com,design,sports,explore job opportunities,email
Ashlin,Wroe,75,awroej8@rediff.com,programming,music,explore job opportunities,email
Winni,De Fraine,45,wdefrainej9@homestead.com,programming,music,connect with industry professionals,LinkedIn
Tory,Cocks,45,tcocksja@tripadvisor.com,design,music,explore job opportunities,email
Harman,Palley,49,hpalleyjb@vinaora.com,design,cooking,explore job opportunities,phone
Maisie,Mapother,56,mmapotherjc@photobucket.com,design,sports,explore job opportunities,phone
Fanni,Busk,21,fbuskjd@dell.com,programming,music,find a mentor,phone
Jessey,Sycamore,25,jsycamoreje@merriam-webster.com,marketing,cooking,connect with industry professionals,phone
Karoline,Cutridge,68,kcutridgejf@xrea.com,marketing,cooking,connect with industry professionals,LinkedIn
Helenelizabeth,Gowenlock,48,hgowenlockjg@ow.ly,design,sports,connect with industry professionals,phone
Tracie,Bradfield,65,tbradfieldjh@storify.com,marketing,sports,explore job opportunities,phone
Alasteir,Hardes,72,ahardesji@vistaprint.com,programming,music,explore job opportunities,LinkedIn
Brenden,Kinnie,22,bkinniejj@github.com,marketing,cooking,find a mentor,phone
Sidnee,MacMickan,65,smacmickanjk@ebay.co.uk,marketing,sports,find a mentor,phone
Kordula,Basezzi,43,kbasezzijl@exblog.jp,programming,music,explore job opportunities,LinkedIn
Niles,McClunaghan,75,nmcclunaghanjm@ycombinator.com,marketing,sports,find a mentor,email
Theobald,Mucklow,82,tmucklowjn@mapy.cz,marketing,sports,explore job opportunities,phone
Alexia,Jolliffe,24,ajolliffejo@yale.edu,marketing,sports,find a mentor,LinkedIn
Colleen,McCorkindale,32,cmccorkindalejp@soup.io,design,music,explore job opportunities,email
Hollie,Slyford,22,hslyfordjq@aboutads.info,marketing,music,find a mentor,LinkedIn
Rheta,Tomkies,63,rtomkiesjr@examiner.com,programming,sports,connect with industry professionals,email
Ellissa,Stoddard,24,estoddardjs@engadget.com,marketing,music,explore job opportunities,LinkedIn
Rodd,Bosanko,73,rbosankojt@symantec.com,design,music,find a mentor,email
Stevana,Hush,71,shushju@japanpost.jp,marketing,music,explore job opportunities,LinkedIn
Jereme,Bonhome,73,jbonhomejv@godaddy.com,design,cooking,explore job opportunities,phone
Dian,Brayfield,56,dbrayfieldjw@blogspot.com,marketing,music,explore job opportunities,email
Wittie,Borles,19,wborlesjx@arstechnica.com,design,cooking,connect with industry professionals,LinkedIn
Genni,Slowcock,83,gslowcockjy@lycos.com,marketing,music,find a mentor,phone
Todd,Chsteney,27,tchsteneyjz@oracle.com,programming,sports,explore job opportunities,LinkedIn
Karyl,Surgeoner,69,ksurgeonerk0@naver.com,programming,music,connect with industry professionals,email
Elihu,Gauch,50,egauchk1@unc.edu,design,cooking,connect with industry professionals,phone
Tiffi,Regglar,60,tregglark2@comcast.net,programming,sports,explore job opportunities,LinkedIn
Karie,Tasseler,51,ktasselerk3@virginia.edu,marketing,sports,explore job opportunities,email
Mirilla,Lenglet,78,mlengletk4@tmall.com,design,sports,find a mentor,phone
Jodie,Mauvin,68,jmauvink5@freewebs.com,marketing,cooking,explore job opportunities,phone
Kevan,Diack,80,kdiackk6@google.co.jp,marketing,sports,connect with industry professionals,LinkedIn
Red,Struan,61,rstruank7@webmd.com,marketing,music,explore job opportunities,email
Lindsy,Ferras,71,lferrask8@mtv.com,programming,cooking,find a mentor,email
Mame,Bortolotti,62,mbortolottik9@nbcnews.com,programming,cooking,connect with industry professionals,LinkedIn
Julieta,Ilymanov,76,jilymanovka@tiny.cc,marketing,music,find a mentor,email
Patton,Fibbens,72,pfibbenskb@mit.edu,marketing,sports,find a mentor,phone
Ileane,Banner,29,ibannerkc@sina.com.cn,design,music,find a mentor,email
Mirabelle,Sclater,84,msclaterkd@sfgate.com,design,cooking,find a mentor,email
Rogerio,Arnaldy,26,rarnaldyke@facebook.com,programming,music,find a mentor,LinkedIn
Zaria,Cauldwell,30,zcauldwellkf@ucla.edu,marketing,music,find a mentor,phone
Robb,Swannie,78,rswanniekg@howstuffworks.com,design,cooking,find a mentor,email
Erny,Flucker,26,efluckerkh@dropbox.com,marketing,cooking,explore job opportunities,email
Urbano,Julyan,44,ujulyanki@timesonline.co.uk,marketing,sports,explore job opportunities,LinkedIn
Hurleigh,Lightbowne,34,hlightbownekj@army.mil,marketing,music,explore job opportunities,phone
Kylie,Knevett,58,kknevettkk@a8.net,programming,music,find a mentor,phone
Marjorie,Northall,25,mnorthallkl@mediafire.com,design,sports,find a mentor,email
Richmound,Colcomb,18,rcolcombkm@jiathis.com,programming,sports,connect with industry professionals,email
Francene,Tidmarsh,35,ftidmarshkn@independent.co.uk,marketing,sports,connect with industry professionals,LinkedIn
Maureen,Juszczak,28,mjuszczakko@usa.gov,design,music,connect with industry professionals,email
Cloe,Flaonier,73,cflaonierkp@columbia.edu,design,cooking,explore job opportunities,email
Ruthy,Warr,41,rwarrkq@admin.ch,design,sports,explore job opportunities,LinkedIn
Arlee,Tonner,25,atonnerkr@webmd.com,programming,cooking,explore job opportunities,email
Filmer,Gamlin,56,fgamlinks@behance.net,design,music,explore job opportunities,phone
Jane,Zimmerman,33,jzimmermankt@google.es,design,cooking,explore job opportunities,LinkedIn
Adina,Lawly,33,alawlyku@youku.com,programming,music,connect with industry professionals,phone
Reamonn,Wakeling,35,rwakelingkv@abc.net.au,marketing,sports,find a mentor,phone
Basilio,Pashby,46,bpashbykw@boston.com,marketing,music,explore job opportunities,email
Edan,Coe,59,ecoekx@bing.com,design,music,find a mentor,phone
Riannon,Gritten,73,rgrittenky@lulu.com,marketing,sports,find a mentor,LinkedIn
Norris,Skakunas,23,nskakunaskz@xinhuanet.com,marketing,sports,explore job opportunities,email
Marlene,Klimke,36,mklimkel0@shareasale.com,design,sports,connect with industry professionals,LinkedIn
Ettie,Katzmann,25,ekatzmannl1@hud.gov,marketing,music,explore job opportunities,LinkedIn
Mychal,Shave,60,mshavel2@hostgator.com,programming,sports,find a mentor,LinkedIn
Giacopo,Doppler,63,gdopplerl3@live.com,design,sports,explore job opportunities,LinkedIn
Lanita,Hardisty,47,lhardistyl4@cam.ac.uk,design,cooking,find a mentor,email
Emery,Mitroshinov,67,emitroshinovl5@slate.com,programming,sports,explore job opportunities,LinkedIn
Lorrie,Streater,61,lstreaterl6@time.com,design,sports,explore job opportunities,LinkedIn
Teri,Layton,41,tlaytonl7@ifeng.com,design,music,connect with industry professionals,LinkedIn
Hagan,Dugald,34,hdugaldl8@youtu.be,design,music,find a mentor,email
Matt,Seager,61,mseagerl9@imgur.com,design,cooking,connect with industry professionals,phone
Angelia,Hurich,59,ahurichla@netlog.com,programming,sports,find a mentor,email
Gordy,Zini,62,gzinilb@about.me,design,cooking,connect with industry professionals,email
Denise,Deville,45,ddevillelc@oaic.gov.au,marketing,sports,explore job opportunities,LinkedIn
Annabell,Fawdrie,57,afawdrield@google.co.jp,programming,cooking,find a mentor,phone
Johnath,Paolini,60,jpaolinile@tripadvisor.com,marketing,music,connect with industry professionals,phone
Germana,Cleary,80,gclearylf@edublogs.org,marketing,cooking,find a mentor,phone
Salomi,Van der Velde,77,svanderveldelg@dailymail.co.uk,design,sports,find a mentor,phone
Wynny,Frost,56,wfrostlh@ox.ac.uk,design,cooking,explore job opportunities,LinkedIn
Tamiko,Backs,33,tbacksli@ft.com,marketing,cooking,find a mentor,LinkedIn
Reagan,Beeres,47,rbeereslj@smh.com.au,marketing,sports,explore job opportunities,LinkedIn
Daniella,Pascho,51,dpascholk@ucla.edu,marketing,music,find a mentor,email
Oliviero,Brittain,76,obrittainll@java.com,programming,sports,connect with industry professionals,phone
Kennan,Beggio,76,kbeggiolm@eventbrite.com,design,cooking,explore job opportunities,LinkedIn
Stephan,Truggian,27,struggianln@macromedia.com,design,cooking,explore job opportunities,phone
Rosina,Alexis,83,ralexislo@narod.ru,marketing,sports,connect with industry professionals,LinkedIn
Thaddeus,Cordy,32,tcordylp@aol.com,marketing,sports,connect with industry professionals,LinkedIn
Emmerich,Rushworth,33,erushworthlq@facebook.com,programming,sports,connect with industry professionals,email
Maddie,Blaschke,55,mblaschkelr@wp.com,marketing,sports,connect with industry professionals,phone
Samara,Bownd,38,sbowndls@goo.gl,programming,sports,explore job opportunities,LinkedIn
Dorita,Casewell,72,dcasewelllt@facebook.com,programming,sports,find a mentor,LinkedIn
Billie,Zelley,28,bzelleylu@163.com,marketing,sports,find a mentor,LinkedIn
Aldous,Harrow,79,aharrowlv@webmd.com,marketing,music,connect with industry professionals,email
Dorie,Janew,42,djanewlw@yellowpages.com,programming,sports,find a mentor,email
Conny,Grew,69,cgrewlx@seattletimes.com,marketing,sports,connect with industry professionals,phone
Nedi,Yitzovicz,58,nyitzoviczly@webnode.com,marketing,music,explore job opportunities,LinkedIn
Zola,Nancarrow,38,znancarrowlz@w3.org,marketing,sports,explore job opportunities,LinkedIn
Luis,Markwelley,42,lmarkwelleym0@scribd.com,design,cooking,find a mentor,email
Jess,Deller,58,jdellerm1@tripod.com,design,cooking,find a mentor,phone
Ritchie,MacCague,53,rmaccaguem2@amazon.de,design,cooking,connect with industry professionals,phone
Marney,Lambertson,71,mlambertsonm3@cyberchimps.com,design,cooking,find a mentor,phone
Marne,Grimwade,57,mgrimwadem4@yolasite.com,design,cooking,find a mentor,LinkedIn
Celestyna,Aylett,85,caylettm5@berkeley.edu,marketing,sports,find a mentor,LinkedIn
Roxane,Thieme,56,rthiemem6@washington.edu,programming,music,connect with industry professionals,LinkedIn
Brigida,Askie,70,baskiem7@abc.net.au,programming,sports,connect with industry professionals,LinkedIn
Luise,Deeble,39,ldeeblem8@devhub.com,design,sports,connect with industry professionals,phone
Ade,Farnorth,42,afarnorthm9@studiopress.com,programming,music,explore job opportunities,LinkedIn
Maible,Packwood,18,mpackwoodma@booking.com,marketing,music,connect with industry professionals,email
Dene,Mion,33,dmionmb@cocolog-nifty.com,marketing,music,explore job opportunities,LinkedIn
Yettie,Ailward,40,yailwardmc@house.gov,design,music,connect with industry professionals,phone
Calv,Panniers,27,cpanniersmd@acquirethisname.com,design,cooking,explore job opportunities,phone
Fionnula,Secker,49,fseckerme@geocities.jp,programming,music,connect with industry professionals,email
Benji,Vakhrushev,74,bvakhrushevmf@nyu.edu,design,sports,explore job opportunities,phone
Lyndel,Haddington,64,lhaddingtonmg@wsj.com,design,sports,explore job opportunities,email
Tressa,Kember,76,tkembermh@domainmarket.com,marketing,cooking,find a mentor,LinkedIn
Waylin,Lister,32,wlistermi@skype.com,programming,sports,find a mentor,phone
Kristos,Reynoollds,41,kreynoolldsmj@opensource.org,programming,cooking,explore job opportunities,LinkedIn
Derby,Mynard,41,dmynardmk@pagesperso-orange.fr,marketing,music,connect with industry professionals,phone
Barr,Thiolier,71,bthiolierml@sitemeter.com,marketing,cooking,find a mentor,LinkedIn
Vite,Thurnham,38,vthurnhammm@army.mil,marketing,sports,explore job opportunities,LinkedIn
Lorin,Gammidge,24,lgammidgemn@reddit.com,programming,cooking,find a mentor,LinkedIn
Bernardo,Caulliere,57,bcaullieremo@ebay.co.uk,design,sports,explore job opportunities,email
Ursuline,Angier,73,uangiermp@parallels.com,programming,cooking,explore job opportunities,phone
Lucretia,Banham,67,lbanhammq@admin.ch,programming,cooking,find a mentor,LinkedIn
Carroll,Lecount,49,clecountmr@mit.edu,marketing,cooking,connect with industry professionals,email
Palmer,Skupinski,72,pskupinskims@miibeian.gov.cn,design,cooking,connect with industry professionals,LinkedIn
Taber,Schruurs,46,tschruursmt@wsj.com,programming,cooking,explore job opportunities,email
Renard,Duxbury,69,rduxburymu@themeforest.net,design,sports,find a mentor,LinkedIn
Car,Rustedge,35,crustedgemv@xrea.com,programming,music,explore job opportunities,phone
Violetta,Leythley,62,vleythleymw@walmart.com,marketing,music,explore job opportunities,phone
Candice,Laval,19,clavalmx@creativecommons.org,marketing,sports,find a mentor,LinkedIn
Gloriane,Flute,35,gflutemy@virginia.edu,marketing,sports,find a mentor,LinkedIn
Kathleen,O'Gorman,63,kogormanmz@ucla.edu,programming,cooking,explore job opportunities,LinkedIn
Georgetta,Kerbler,64,gkerblern0@google.nl,design,sports,find a mentor,LinkedIn
Jeniffer,Beniesh,46,jbenieshn1@elpais.com,design,cooking,explore job opportunities,phone
Guthrie,Gladwin,84,ggladwinn2@auda.org.au,programming,music,explore job opportunities,email
Asa,Pedrazzi,45,apedrazzin3@ow.ly,design,cooking,explore job opportunities,email
Price,Doohan,75,pdoohann4@nba.com,design,music,connect with industry professionals,LinkedIn
Tito,Akroyd,61,takroydn5@fda.gov,programming,sports,connect with industry professionals,email
Farley,Chew,57,fchewn6@examiner.com,marketing,cooking,find a mentor,phone
Dana,Addess,46,daddessn7@ibm.com,programming,sports,connect with industry professionals,phone
Georgena,Iannelli,23,giannellin8@creativecommons.org,marketing,music,connect with industry professionals,email
Ernesta,Vernall,71,evernalln9@huffingtonpost.com,marketing,music,explore job opportunities,LinkedIn
Dinah,Sollam,52,dsollamna@unblog.fr,marketing,sports,find a mentor,email
Orland,Chasney,49,ochasneynb@dagondesign.com,marketing,music,explore job opportunities,email
Carlo,Nortunen,77,cnortunennc@deviantart.com,marketing,cooking,find a mentor,email
Andie,Fosh,84,afoshnd@abc.net.au,marketing,sports,explore job opportunities,email
Brennen,Oda,72,bodane@springer.com,marketing,sports,explore job opportunities,LinkedIn
Clarissa,Ruslin,43,cruslinnf@ftc.gov,design,sports,find a mentor,LinkedIn
Kelly,Maffy,23,kmaffyng@si.edu,marketing,cooking,connect with industry professionals,phone
Chev,Limming,71,climmingnh@google.com.hk,programming,music,explore job opportunities,email
Lorne,Jefferson,59,ljeffersonni@deviantart.com,design,sports,explore job opportunities,LinkedIn
Marina,Golsthorp,80,mgolsthorpnj@myspace.com,programming,sports,connect with industry professionals,LinkedIn
Danyelle,Braden,83,dbradennk@diigo.com,marketing,cooking,find a mentor,phone
Dorie,Bon,84,dbonnl@loc.gov,marketing,music,connect with industry professionals,email
Puff,Weine,48,pweinenm@mac.com,marketing,sports,explore job opportunities,phone
Arman,Nyssen,65,anyssennn@amazon.de,marketing,music,find a mentor,email
Nadean,McClaughlin,18,nmcclaughlinno@sakura.ne.jp,marketing,sports,explore job opportunities,email
Deb,Bracco,82,dbracconp@ft.com,programming,cooking,connect with industry professionals,phone
Marlin,Burehill,69,mburehillnq@weather.com,programming,sports,find a mentor,email
Mikol,Leadston,45,mleadstonnr@globo.com,design,cooking,connect with industry professionals,LinkedIn
Ingar,McTear,75,imctearns@thetimes.co.uk,design,music,connect with industry professionals,LinkedIn
Kerr,MacFadzan,85,kmacfadzannt@hibu.com,design,music,connect with industry professionals,phone
Archibald,Orth,73,aorthnu@msn.com,marketing,sports,connect with industry professionals,LinkedIn
Bamby,Opdenorth,25,bopdenorthnv@va.gov,programming,music,find a mentor,LinkedIn
Dione,McDougald,82,dmcdougaldnw@theguardian.com,marketing,music,connect with industry professionals,email
Nadya,Aldin,63,naldinnx@cargocollective.com,programming,cooking,find a mentor,email
Octavius,Featherstonhaugh,35,ofeatherstonhaughny@g.co,design,music,connect with industry professionals,email
Deerdre,Eyckelbeck,70,deyckelbecknz@hatena.ne.jp,marketing,music,find a mentor,email
Curran,Blachford,69,cblachfordo0@nifty.com,design,music,explore job opportunities,LinkedIn
Renee,Shackel,75,rshackelo1@diigo.com,marketing,sports,connect with industry professionals,LinkedIn
Homerus,Aarons,79,haaronso2@intel.com,design,music,explore job opportunities,LinkedIn
Mariellen,Thorsen,79,mthorseno3@yahoo.com,design,music,find a mentor,email
Barth,Kyllford,28,bkyllfordo4@typepad.com,programming,cooking,explore job opportunities,phone
Lena,World,52,lworldo5@123-reg.co.uk,marketing,cooking,find a mentor,email
Karry,Chapelhow,35,kchapelhowo6@ustream.tv,marketing,cooking,explore job opportunities,phone
Thomasina,Darco,47,tdarcoo7@jigsy.com,design,music,connect with industry professionals,LinkedIn
Marcy,Puddicombe,80,mpuddicombeo8@flavors.me,design,cooking,find a mentor,email
Austina,Aslie,41,aaslieo9@marriott.com,programming,sports,explore job opportunities,email
Mikaela,Altimas,28,maltimasoa@mac.com,design,sports,connect with industry professionals,phone
Ferguson,Teodoro,51,fteodoroob@clickbank.net,design,sports,explore job opportunities,phone
Arlin,Axe,42,aaxeoc@sciencedirect.com,programming,music,explore job opportunities,phone
Osmund,Salisbury,26,osalisburyod@mozilla.org,programming,cooking,explore job opportunities,email
Luce,Keating,47,lkeatingoe@skyrock.com,marketing,cooking,find a mentor,phone
Dreddy,Waleworke,65,dwaleworkeof@usnews.com,marketing,sports,find a mentor,LinkedIn
Sissie,Cavil,49,scavilog@washington.edu,marketing,music,explore job opportunities,email
Brit,Lorenz,46,blorenzoh@seesaa.net,marketing,music,connect with industry professionals,email
Malissa,Puleque,49,mpulequeoi@tumblr.com,design,cooking,explore job opportunities,phone
Cecilio,Besse,55,cbesseoj@buzzfeed.com,programming,music,find a mentor,LinkedIn
Jazmin,Sach,80,jsachok@ycombinator.com,design,sports,explore job opportunities,phone
Jillie,Cobleigh,41,jcobleighol@google.ru,design,music,explore job opportunities,phone
Siobhan,Peplay,53,speplayom@blinklist.com,design,cooking,connect with industry professionals,phone
Karin,Canon,75,kcanonon@prnewswire.com,marketing,cooking,find a mentor,email
Forrest,Topper,43,ftopperoo@webmd.com,design,music,explore job opportunities,email
Jo ann,Woodier,82,jwoodierop@wunderground.com,marketing,sports,connect with industry professionals,phone
Jeniece,Eayrs,20,jeayrsoq@latimes.com,marketing,sports,find a mentor,LinkedIn
Durward,Pittam,36,dpittamor@w3.org,design,cooking,explore job opportunities,LinkedIn
Suzi,Upwood,62,supwoodos@facebook.com,design,cooking,connect with industry professionals,phone
Malinda,Bucke,31,mbuckeot@reference.com,design,cooking,connect with industry professionals,email
Krystyna,Obbard,81,kobbardou@163.com,programming,sports,find a mentor,LinkedIn
Shane,Cordrey,79,scordreyov@about.com,marketing,cooking,explore job opportunities,phone
Freddy,Breckell,84,fbreckellow@craigslist.org,design,sports,connect with industry professionals,LinkedIn
Kalle,Mushart,77,kmushartox@g.co,programming,cooking,explore job opportunities,email
Lin,Yonnie,67,lyonnieoy@example.com,marketing,sports,connect with industry professionals,LinkedIn
Nike,MacMurray,74,nmacmurrayoz@vinaora.com,marketing,cooking,explore job opportunities,LinkedIn
Maxy,MacAlpine,58,mmacalpinep0@chicagotribune.com,programming,cooking,find a mentor,phone
Penelope,Dene,78,pdenep1@ocn.ne.jp,marketing,music,explore job opportunities,phone
Burr,Peregrine,42,bperegrinep2@php.net,marketing,music,explore job opportunities,LinkedIn
Estel,Olyet,71,eolyetp3@bluehost.com,programming,music,find a mentor,phone
Shantee,McGuckin,64,smcguckinp4@elegantthemes.com,marketing,sports,explore job opportunities,email
Cori,Ivimey,58,civimeyp5@ted.com,design,sports,connect with industry professionals,phone
Eustace,Madigan,37,emadiganp6@ibm.com,marketing,sports,find a mentor,email
Garry,Stanion,51,gstanionp7@timesonline.co.uk,marketing,sports,connect with industry professionals,phone
Em,Vassay,68,evassayp8@omniture.com,programming,music,find a mentor,email
Gianni,Foster-Smith,58,gfostersmithp9@indiegogo.com,marketing,music,explore job opportunities,phone
Jean,Aprahamian,44,japrahamianpa@bravesites.com,programming,cooking,find a mentor,phone
Hyacintha,Oates,62,hoatespb@a8.net,marketing,sports,explore job opportunities,email
Dreddy,Shakle,57,dshaklepc@omniture.com,design,sports,find a mentor,email
Madelin,Warrington,28,mwarringtonpd@skyrock.com,programming,cooking,explore job opportunities,LinkedIn
Clyde,Foulsham,71,cfoulshampe@hp.com,design,cooking,explore job opportunities,email
Kira,McIlvenna,47,kmcilvennapf@omniture.com,programming,cooking,explore job opportunities,phone
Gris,Lazare,82,glazarepg@smh.com.au,programming,sports,explore job opportunities,phone
Richardo,Coughlan,71,rcoughlanph@amazon.co.jp,programming,music,connect with industry professionals,phone
Ericha,Power,84,epowerpi@wufoo.com,design,cooking,explore job opportunities,phone
Shalom,Skittles,51,sskittlespj@va.gov,design,music,connect with industry professionals,LinkedIn
Nicki,Gilardone,28,ngilardonepk@webeden.co.uk,marketing,cooking,explore job opportunities,email
Marianne,Dunkerton,46,mdunkertonpl@wix.com,marketing,music,explore job opportunities,phone
Clare,Zuenelli,23,czuenellipm@digg.com,design,cooking,find a mentor,LinkedIn
Ashli,Titford,72,atitfordpn@unicef.org,marketing,music,explore job opportunities,phone
Pennie,Ascrofte,85,pascroftepo@wix.com,marketing,sports,find a mentor,email
Sybila,Rowan,69,srowanpp@cargocollective.com,design,music,explore job opportunities,LinkedIn
Miran,McGilroy,65,mmcgilroypq@webs.com,design,music,connect with industry professionals,phone
Henka,Laba,45,hlabapr@is.gd,design,cooking,find a mentor,phone
Gaelan,Fardoe,57,gfardoeps@vimeo.com,marketing,music,find a mentor,LinkedIn
Sherlock,McCullen,68,smccullenpt@tuttocitta.it,programming,cooking,connect with industry professionals,LinkedIn
Demetri,Offield,59,doffieldpu@over-blog.com,marketing,music,connect with industry professionals,LinkedIn
Natal,Giggs,43,ngiggspv@wiley.com,programming,music,find a mentor,LinkedIn
Foss,Huxton,18,fhuxtonpw@1und1.de,marketing,sports,explore job opportunities,phone
Lynna,Stellman,44,lstellmanpx@illinois.edu,programming,sports,explore job opportunities,LinkedIn
Orella,Clutheram,57,oclutherampy@gizmodo.com,design,music,connect with industry professionals,phone
Georgine,Bootland,79,gbootlandpz@nps.gov,programming,sports,find a mentor,phone
Katuscha,Wilmore,37,kwilmoreq0@icio.us,design,cooking,find a mentor,phone
Georgeanne,Cotesford,36,gcotesfordq1@networkadvertising.org,marketing,sports,explore job opportunities,phone
Josiah,Bolsteridge,61,jbolsteridgeq2@discuz.net,programming,sports,explore job opportunities,phone
Olive,Fransman,21,ofransmanq3@amazonaws.com,programming,music,explore job opportunities,LinkedIn
Rodger,Garrit,45,rgarritq4@imgur.com,design,cooking,connect with industry professionals,LinkedIn
Chicky,Fadian,21,cfadianq5@com.com,marketing,sports,explore job opportunities,email
Collin,Gianelli,34,cgianelliq6@arizona.edu,marketing,cooking,find a mentor,phone
Marwin,Pinyon,45,mpinyonq7@phoca.cz,design,music,explore job opportunities,email
Carolynn,Deas,25,cdeasq8@vinaora.com,marketing,music,find a mentor,email
Pavel,Cathrall,64,pcathrallq9@indiatimes.com,programming,cooking,find a mentor,phone
Franky,Leroy,63,fleroyqa@jalbum.net,design,cooking,explore job opportunities,email
Trixi,Riccardo,52,triccardoqb@newyorker.com,programming,cooking,explore job opportunities,LinkedIn
Stanley,Smithyman,67,ssmithymanqc@adobe.com,design,music,explore job opportunities,LinkedIn
Cristina,Farnes,37,cfarnesqd@ucoz.com,programming,cooking,find a mentor,phone
Teddie,Rodrig,34,trodrigqe@qq.com,programming,cooking,connect with industry professionals,phone
Gerhard,Huddy,60,ghuddyqf@google.nl,marketing,sports,find a mentor,LinkedIn
Ibbie,Teggart,63,iteggartqg@reddit.com,marketing,sports,connect with industry professionals,phone
Pauletta,Talkington,81,ptalkingtonqh@ucoz.ru,programming,cooking,find a mentor,LinkedIn
Curt,Cormode,24,ccormodeqi@kickstarter.com,marketing,cooking,explore job opportunities,email
Caryl,Kilfedder,21,ckilfedderqj@homestead.com,design,cooking,explore job opportunities,email
Frank,Spellsworth,20,fspellsworthqk@auda.org.au,programming,cooking,find a mentor,phone
Gerianne,Menham,68,gmenhamql@narod.ru,marketing,music,explore job opportunities,email
Dalli,Coggan,26,dcogganqm@msu.edu,design,music,find a mentor,LinkedIn
Garrett,Jerschke,81,gjerschkeqn@weather.com,programming,music,explore job opportunities,email
Caresse,Vobes,51,cvobesqo@parallels.com,marketing,music,find a mentor,LinkedIn
Kellsie,de Savery,26,kdesaveryqp@gmpg.org,marketing,music,connect with industry professionals,LinkedIn
Danie,Hornbuckle,66,dhornbuckleqq@paginegialle.it,design,music,find a mentor,LinkedIn
Aloysius,Glencross,46,aglencrossqr@nps.gov,marketing,cooking,explore job opportunities,phone
Abey,Karlolak,29,akarlolakqs@goo.gl,programming,music,connect with industry professionals,phone
Marnie,Ralph,63,mralphqt@imgur.com,design,music,connect with industry professionals,phone
Cammy,De Cristofalo,49,cdecristofaloqu@mashable.com,programming,music,explore job opportunities,email
Rinaldo,Tebbs,43,rtebbsqv@surveymonkey.com,marketing,sports,connect with industry professionals,phone
Dionis,Aveling,54,davelingqw@hexun.com,design,cooking,connect with industry professionals,phone
Randie,Rowley,34,rrowleyqx@diigo.com,marketing,cooking,explore job opportunities,phone
Christiana,Batterham,36,cbatterhamqy@disqus.com,marketing,sports,connect with industry professionals,phone
Hagan,Haslock,37,hhaslockqz@theguardian.com,marketing,music,explore job opportunities,LinkedIn
Hobey,Soppitt,24,hsoppittr0@163.com,marketing,sports,explore job opportunities,phone
Sharleen,Giovannetti,39,sgiovannettir1@themeforest.net,programming,music,find a mentor,phone
Halsey,Astley,82,hastleyr2@digg.com,marketing,cooking,connect with industry professionals,LinkedIn
Caryl,Pau,46,cpaur3@bloglovin.com,programming,cooking,connect with industry professionals,email
Abel,Cleaton,62,acleatonr4@sfgate.com,design,cooking,explore job opportunities,LinkedIn
Elfreda,Schriren,77,eschrirenr5@mapquest.com,design,music,find a mentor,email
Steve,Marsay,78,smarsayr6@topsy.com,programming,cooking,explore job opportunities,phone
Holli,Huck,34,hhuckr7@whitehouse.gov,design,music,explore job opportunities,phone
Stacie,Gascoine,85,sgascoiner8@sitemeter.com,design,sports,connect with industry professionals,email
Penny,Radbourne,57,pradbourner9@businessinsider.com,marketing,sports,explore job opportunities,phone
Rabbi,Mishaw,31,rmishawra@home.pl,marketing,sports,connect with industry professionals,phone
Calida,Julien,85,cjulienrb@google.fr,marketing,music,explore job opportunities,LinkedIn
Justin,Stutely,60,jstutelyrc@xrea.com,programming,music,connect with industry professionals,email
Tammy,Vance,57,tvancerd@edublogs.org,programming,cooking,find a mentor,phone
Jorie,Brownett,77,jbrownettre@biblegateway.com,design,sports,explore job opportunities,phone
Mandel,Ferras,22,mferrasrf@auda.org.au,programming,cooking,explore job opportunities,phone
Robby,Bosket,56,rbosketrg@163.com,marketing,music,explore job opportunities,LinkedIn
Constantin,Giovannazzi,83,cgiovannazzirh@ftc.gov,programming,sports,connect with industry professionals,LinkedIn
Udale,Chotty,78,uchottyri@wp.com,design,sports,explore job opportunities,email
Orella,Beckett,54,obeckettrj@sbwire.com,programming,music,find a mentor,phone
Barnie,Van der Beken,46,bvanderbekenrk@mtv.com,design,music,find a mentor,phone
Templeton,Champness,71,tchampnessrl@eventbrite.com,programming,sports,find a mentor,LinkedIn
Gerhardine,Hadfield,22,ghadfieldrm@nba.com,design,cooking,connect with industry professionals,LinkedIn
Roscoe,Boteman,30,rbotemanrn@dropbox.com,programming,music,connect with industry professionals,phone
Melony,McNeigh,85,mmcneighro@toplist.cz,design,music,connect with industry professionals,email
Alyssa,Stuckow,58,astuckowrp@abc.net.au,design,sports,explore job opportunities,LinkedIn
Jeffry,Silson,67,jsilsonrq@theguardian.com,marketing,music,explore job opportunities,phone
Royal,McGlaughn,54,rmcglaughnrr@auda.org.au,programming,music,connect with industry professionals,email
